PLANNAME,EW2016,STATUS1,STATUS2,STATUS3,STATUS4,DYNAMO1,DYNAMO2,DYNAMO3,DYNAMO4
Stülerstraße,3114,4.98,1.52,8.16,20.51,-0.19,0.14,-0.42,-0.75
Großer Tiergarten,192,,,,,,,,
Lützowstraße,5518,6.83,2.08,17.74,34.33,-0.5,-0.03,-0.8,-7.74
Körnerstraße,4704,6.27,1.49,20.66,45.91,-1.33,-0.76,-1.66,-3.77
Nördlicher Landwehrkanal,1135,2.06,0,1.5,3.55,-0.77,-0.74,-0.42,-0.71
Wilhelmstraße,2190,3.64,0.89,8.45,27.31,-1.23,-0.59,0.13,0.17
Unter den Linden Nord,608,1.97,0,1.81,6.67,-0.13,0,0.2,0.54
Unter den Linden Süd,1004,3.98,1.46,3.59,10.34,0.85,0.27,0.26,0.77
Leipziger Straße,7463,3.91,1.61,7.2,21.34,-1.13,0.27,0.21,-4.57
Charitéviertel,6431,2.57,0.39,3.23,5.06,-0.56,-0.33,-0.05,0.3
Oranienburger Straße,12535,3.99,0.91,6.11,11.24,-0.61,-0.14,-0.47,-1.01
Alexanderplatzviertel,9536,5.18,1.41,8.62,20.49,-0.85,-0.33,-0.76,-1.91
Karl-Marx-Allee,8607,6.4,1.74,13.56,42.32,-0.52,-0.83,0.23,2.17
Heine-Viertel West,7617,4.54,1.01,7.19,20.3,-0.25,-0.26,-0.41,-4.7
Heine-Viertel Ost,9530,5.04,1.26,8.21,21.77,-1.33,-0.35,-0.68,-5.6
Invalidenstraße,16331,3.45,0.73,4.75,7.27,-0.7,-0.18,-0.53,-1.13
Arkonaplatz,13341,3.57,0.7,3.33,3.96,-0.63,-0.11,-0.82,-1.24
Huttenkiez,3522,12.8,3.29,27.29,68.17,2.03,-0.68,3.83,3.87
Beusselkiez,6374,10.85,3.84,24.65,57.12,-0.74,0.14,-0.28,-3.1
Westhafen,258,,,,,,,,
Emdener Straße,18377,7.79,2.6,18.49,43.62,-1.82,-0.64,-0.83,-5.41
Zwinglistraße,5299,8.87,2.23,23.87,58.13,-0.65,-0.53,-1.4,-7.59
Elberfelder Straße,11799,4.87,1.3,9.56,16.25,-2.01,-0.38,-1.25,-4.02
Stephankiez,11292,6.41,1.67,17.32,36.44,-1.55,-0.54,-0.82,-5.85
Heidestraße,1488,10.32,3.34,28.9,51.56,-2.32,0.04,0.24,0.62
Lübecker Straße,6969,9.28,2.62,26.2,54.53,-0.99,-0.39,0.3,-1.15
Thomasiusstraße,5824,5.56,1.34,11.23,20.84,-1.1,-0.43,-0.15,-0.51
Zillesiedlung,3311,9.43,2.68,25.04,37.46,0.36,0.27,-0.38,-8.44
Lüneburger Straße,3027,5.2,1.09,11.03,18.54,-1.24,-0.36,-2.17,-7.1
Hansaviertel,5630,3.48,0.97,8.45,17.6,-1.93,-0.56,-1.24,-7.74
Soldiner Straße,26841,10.65,3.16,32.68,68.8,-1.99,-1.03,0.28,-0.43
Gesundbrunnen,11837,9.14,2.47,29.18,64.27,-1.49,-0.44,0.33,-0.02
Brunnenstraße,13361,9.83,2.82,31.67,58.6,-1.3,-0.78,-1.76,-4.64
Humboldthain Süd,9726,8.84,2.45,23.97,50.97,-1.26,-0.51,-0.14,-4.02
Humboldthain Nordwest,14478,10.56,3.33,31.9,68.81,-1.87,-0.27,-0.12,-1.02
Rehberge,20722,8.68,2.93,21.07,52.69,-1.69,-0.69,-0.11,-1.44
Schillerpark,16238,8.06,2.41,18.99,51.49,-1.52,-0.72,0.09,-0.97
Westliche Müllerstraße,8589,8.85,2.76,20.51,51.43,-1.05,-0.4,1.16,-1.74
Reinickendorfer Straße,23424,10.8,3.11,32.44,70.31,-1.99,-0.83,-0.6,-2.29
Sparrplatz,16703,8.79,3.02,21.34,56.02,-1.06,-0.35,0.36,-2.48
Leopoldplatz,16462,10.28,3.03,28.85,64.73,-1.41,-0.56,0.43,-1.89
Askanischer Platz,6481,9.27,2.81,24.76,44.43,-2.22,-1.24,-2.27,-14.45
Mehringplatz,13278,11.78,3.99,32.47,61.58,-1.74,-1.33,-1.16,-2.55
Moritzplatz,15593,13.04,4.69,35.03,66.17,-2.64,-1.44,-2.12,-5.99
Wassertorplatz,5044,11.77,3.93,34.75,67.48,-1.44,-0.79,-0.74,-3.04
Gleisdreieck/Entwicklungsgebiet,911,2.81,0.56,3.62,7.28,-4.49,-2.18,-4.12,-3.58
Rathaus Yorckstraße,5990,6.44,1.7,13.49,24.5,-0.72,-0.93,-0.27,0.35
Viktoriapark,10886,5.42,1.63,10.96,20.84,-1.18,-0.22,-0.74,-3.25
Urbanstraße,12326,5.61,1.51,12.32,21.72,-0.99,-0.58,-0.47,-3.97
Chamissokiez,14892,5.63,1.53,11.52,20.89,-1.3,-0.53,-0.85,-3.05
Graefekiez,19052,7.16,2.27,16.64,30.37,-0.86,-0.35,-0.71,-6.04
Oranienplatz,9092,10.57,3.49,27.87,53.69,-1.25,-0.68,-1.24,-4.25
Lausitzer Platz,13166,8.93,2.78,21.87,40.74,-1.58,-0.75,-1.71,-5.57
Reichenberger Straße,15156,7.31,2.2,17.9,34.73,-1.46,-0.62,-0.74,-5.29
Wrangelkiez,11083,7.47,2.17,17.37,30.93,-0.91,-0.72,-0.55,-7.33
Barnimkiez,5381,7.66,2.95,13.03,35.02,-1.43,-0.19,-0.78,-8.66
Friedenstraße,7181,5.92,1.66,9.72,26.22,-1.16,-0.47,-0.87,-4.7
Richard-Sorge-Viertel,10976,4.87,1.29,7.76,16.21,-0.5,-0.18,0.37,0.88
Andreasviertel,12331,5.9,1.69,13.86,40.5,-0.91,-0.39,0.02,-4.08
Weberwiese,10714,5.22,1.48,6.48,10.63,-0.74,-0.02,-1.29,-3.78
Wriezener Bahnhof/Entwicklungsgebiet,1145,7.24,0.76,23.41,66.67,-0.81,-1.88,0.83,9.52
Hausburgviertel,8900,6.38,1.76,10.02,18.71,-1.03,-0.34,-0.25,-3.83
Samariterviertel,21064,5.55,1.51,9.36,14.72,-1.65,-0.43,-0.68,-2.71
Traveplatz,19093,6.27,1.74,12.04,23.65,-1.01,-0.3,0.06,-3.59
Boxhagener Platz,20431,5,1.26,7.32,11.17,-0.97,-0.3,-0.6,-3.09
Stralauer Kiez,6986,6.29,1.82,9.63,20.97,-0.77,-0.24,-1.57,-8.32
Stralauer Halbinsel,4171,2.85,0.54,3.07,2.51,0.03,-0.16,-0.27,-1.63
Bucher Forst,3928,5.64,2.17,9.11,16.05,-2.13,-0.36,-0.08,-0.29
Buch,11685,7.92,3.1,16.49,41.03,-1.98,-0.84,0.06,-2.86
Lietzengraben,227,,,,,,,,
Blankenfelde,2116,4.77,1.54,3.83,7.51,-0.83,-1.07,0.4,-0.65
Niederschönhausen,14726,3.39,1.02,4.8,6.69,-0.75,-0.39,-0.67,-1.74
Herthaplatz,11132,3.85,1.45,6.28,11.01,-1.07,-0.33,0.44,1.54
Buchholz,17930,3.25,1.14,5.84,10.69,-1.24,-0.43,-0.68,-2.07
Karow Nord,10986,3.92,1.32,9.17,18.35,-1.08,-0.36,-0.32,-1.12
Alt-Karow,8245,2.56,0.88,2.21,3.71,-0.48,-0.12,-0.12,-0.78
Blankenburg,6810,2.34,0.78,2.13,3.27,-0.71,-0.35,-0.55,-0.99
Heinersdorf,7388,4.35,1.2,5.54,9.58,0.39,-0.42,1.24,0.82
Märchenland,1138,4.2,1.2,2.64,9.32,0.48,0.31,0.42,3.38
Rosenthal,4530,2.43,0.94,4.75,9.7,-1.01,-0.33,-1.14,-2.31
Wilhelmsruh,9783,3.31,0.99,4.95,8.94,-1.41,-0.79,-0.23,-0.68
Schönholz,3412,3.03,1.26,3.55,3.28,-0.85,-0.23,0.63,0.84
Pankow Zentrum,35308,4.68,1.59,7.07,11.23,-1.33,-0.48,-0.93,-2.89
Pankow Süd,34314,5.13,1.83,8.22,15.21,-1.34,-0.29,-0.61,-3.17
Gustav-Adolf-Straße,5564,6.65,1.86,10.23,21.25,0.43,-0.11,1.3,2.52
Weißer See,7397,4.83,1.53,7.12,13.81,-1.13,-0.73,-1.13,-1.34
Weißenseer Spitze,9098,5.93,2.16,9.23,14.39,-2.28,-1.27,-0.97,-3.03
Behaimstraße,5883,7.69,2.59,12.29,20.47,-2.14,-0.93,0.94,0.1
Komponistenviertel Weißensee,9468,5.24,1.65,8.87,13.69,-1.38,-0.74,-1.01,-2.67
Rennbahnstraße,4247,5.89,1.63,9.8,19.38,-0.64,-0.54,-0.2,-2.06
Buschallee,6503,7.53,2.75,10.98,31.12,-1.34,-0.64,0.14,1.17
Hansastraße,4527,5.14,2.13,10.18,30.1,-1.18,-0.65,-0.93,-5.59
Arnimplatz,15187,5.15,1.63,7.05,9.63,-1.04,-0.26,-0.44,-1.2
Falkplatz,10521,4.87,1.39,5.15,5.81,-0.97,-0.29,-0.62,-1
Humannplatz,14520,4.58,1.1,5.92,8.34,-1.48,-0.64,-0.99,-4.47
Erich-Weinert-Straße,12619,6.04,2.22,9.23,19.88,-1.4,-0.25,-0.56,-4.02
Helmholtzplatz,22519,5.14,1.44,6.47,8.07,-0.9,-0.45,-0.65,-1.88
Greifswalder Straße,10082,8.25,3.19,11.47,39.22,-0.82,-0.63,0.34,0.74
Volkspark Prenzlauer Berg,3921,7.99,4.24,10.74,17.11,-5.1,-0.48,-2.09,-13.03
Anton-Saefkow-Park,6238,5.95,1.91,7.69,10.13,-1.08,-0.48,-1.4,-5.07
Conrad-Blenkle-Straße,3875,6.52,2.23,11.87,29.42,-2.93,-1.29,-1.5,-4.45
Eldenaer Straße,2560,2.32,0.31,1.09,0.69,0.21,-0.1,0.24,-0.05
Teutoburger Platz,10747,4.04,1.29,4.83,7.46,-0.84,-0.14,-0.96,-2.25
Kollwitzplatz,15635,4.25,1.24,4.74,6.05,-0.64,-0.24,-0.9,-1.74
Thälmannpark,3010,7.55,2.84,13.39,21.98,-2.49,-0.58,-0.65,-2.14
Winsstraße,17260,4.44,1.12,5.63,8.42,-0.9,-0.56,-0.52,-1.61
Bötzowstraße,12367,4.25,1.21,5.34,6.43,-1.02,-0.35,-0.98,-1.29
Jungfernheide,11043,9.84,3.88,19.81,45.55,-2.02,-1.08,-0.26,-10.88
Plötzensee,895,5.76,1.97,12.29,45.83,-1.61,-0.74,4.13,4.92
Paul-Hertz-Siedlung,7771,11.58,4.13,25.84,56.75,-0.06,-0.67,0.4,0.52
Olympiagelände,199,,,,,,,,
Siedlung Ruhleben,1329,2.53,0.48,2.41,5.42,-0.37,0.09,0.35,0.51
Angerburger Allee,2754,3.73,1.16,5.27,17.56,-1.39,-0.72,-0.07,-1.9
Flatowallee,2532,2.34,0.51,3.08,7.58,-0.83,-0.35,0.18,1.97
Kranzallee,2878,2.18,0.81,3.37,3.54,-1.06,-0.35,-0.21,-1.28
Eichkamp,3189,1.01,0.14,1.44,3.26,0.11,0.14,0.58,1.43
Park Ruhwald,602,1.53,0.87,4.98,11.43,-0.63,-0.42,1.65,11.43
Reichsstraße,14756,4.02,1.4,5.37,10.57,-0.55,-0.48,-0.19,-1.51
Branitzer Platz,5467,3.48,1.06,6.13,9.64,-1.08,-0.41,1.24,2.04
Königin-Elisabeth-Straße,7530,5.9,1.81,8.99,24.15,0.6,0.04,0.06,1.86
Messegelände,436,,,,,,,,
Schloßgarten,2837,9.17,4.08,19.03,43.35,-1.59,-0.39,-0.24,-5.9
Klausenerplatz,10655,7.22,2.85,15.44,28.61,-0.68,-0.16,-1.08,-0.41
Schloßstraße,10927,5.44,1.85,10.05,20.03,-0.26,-0.19,0.32,2.06
Tegeler Weg,9417,7.49,2.62,13.57,34.54,-0.6,-0.44,-0.19,1.83
Kaiserin-Augusta-Allee,5734,6.4,3.19,14.48,37.41,-1.8,0.01,-0.26,-6.56
Alt-Lietzow,8597,5.69,2.2,11.67,26.67,-1.05,-0.45,-1,-2.77
Spreestadt,3021,7.88,2.81,14.1,35.91,0.26,-0.53,-0.68,-0.55
Richard-Wagner-Straße,10459,6.76,2.48,13.08,26.83,-1.25,-0.3,-0.95,-5.34
Ernst-Reuter-Platz,4788,7.14,2.59,14.77,31.6,-0.73,-0.64,-0.33,-3.12
Lietzensee,6416,5.13,2.1,8.39,14.54,-1.06,-0.32,-0.46,-4.15
Amtsgerichtsplatz,12128,4.82,1.68,7.78,16.43,-1,-0.49,0.58,2.6
Droysenstraße,5426,5.21,1.79,8.07,16.93,-0.79,-0.42,-0.05,-0.28
Karl-August-Platz,12238,5.77,2.42,11.68,25.15,-1.23,-0.53,-0.38,-3.19
Savignyplatz,9491,4.69,1.48,7.22,17.48,-0.6,-0.27,-0.82,-0.22
Hindemithplatz,5981,4.33,1.5,6.42,8.28,-0.16,-0.28,-0.43,-2.37
George-Grosz-Platz,5600,4.21,1.21,5.95,8.55,0.35,-0.51,0.14,-2.3
Breitscheidplatz,3915,4.73,1.28,8.58,16.86,-0.55,-0.61,0.42,1.43
Halensee,14931,4.88,1.82,7.79,16.18,-1,-0.57,-0.41,0.23
Güterbahnhof Grunewald,43,,,,,,,,
Bismarckallee,5156,3.47,1.05,6.26,10,-0.66,-0.53,0.26,1.01
Hundekehle,2739,1.77,0.34,2.81,2.55,-0.71,-0.46,0.57,-0.27
Hagenplatz,3033,3.15,1.01,3.49,6,1.06,0.39,0.82,2.32
Flinsberger Platz,7976,4.95,1.98,7.9,18.37,-0.58,-0.27,-0.49,-0.98
Kissinger Straße,5907,4.52,1.61,6.33,13.25,-0.07,-0.39,-0.3,-0.65
Stadion Wilmersdorf,213,,,,,,,,
Messelpark,1533,2.06,0.48,1.5,2.26,-0.26,0.12,0.66,0.71
Breite Straße,6904,3.04,1.01,4.4,5.5,-0.31,-0.5,0.25,1.17
Schlangenbader Straße,4115,6.33,3.01,10.43,17.51,0.64,0.49,1.09,-3.82
Binger Straße,3547,4.4,1.55,6.48,10.96,-0.53,-0.32,-0.13,-0.24
Rüdesheimer Platz,10642,3.89,1.31,5.92,9.52,-0.59,-0.36,-0.26,-2.78
Eisenzahnstraße,6220,6.23,2.17,10.87,26.97,-1.09,-0.59,0.34,0.74
Preußenpark,10591,4.52,1.69,7.07,12.75,-0.45,-0.35,-0.44,-2.67
Ludwigkirchplatz,5228,5.7,1.94,7.82,15.26,-0.91,-0.46,-0.93,-3.83
Schaperstraße,9067,5.47,2.34,8.43,20.42,-0.68,-0.31,0.61,1.99
Rathaus Wilmersdorf,5348,5.1,2.13,8.92,14.42,-1.74,-0.81,-0.92,-6.39
Leon-Jessel-Platz,5512,5.05,1.85,8.65,18.47,-0.98,-0.5,-1.08,-3.79
Brabanter Platz,4397,5.35,1.96,9.76,22.53,-0.57,-0.38,-1.16,-0.87
Nikolsburger Platz,9700,4.43,1.5,7.43,12.49,-0.68,-0.51,0.33,0.5
Prager Platz,6684,5.39,1.86,7.12,12.19,-1,-0.41,-0.78,-1.68
Wilhelmsaue,3038,5.95,1.69,6.02,7.56,0.2,-0.7,-0.98,-1.98
Babelsberger Straße,7063,5.8,2.52,10.56,19.76,-0.64,0.31,0.25,0.72
Hildegardstraße,7568,4.31,1.38,6.55,12.18,-0.8,-0.43,-0.5,-1.6
Forst Grunewald,83,,,,,,,,
Hakenfelde Nord,10883,5.48,1.8,10.44,26,-0.64,-0.13,-1.21,-2.91
Goltzstraße,5885,8.59,3.07,14.07,41.1,0.36,0.39,0.3,-0.37
Amorbacher Weg,7623,5.84,2.18,8.58,19.26,-0.11,-0.08,0.08,-1.26
Griesingerstraße,3297,11.9,3.53,24.75,57.53,-0.46,-0.32,-0.43,-3.31
An der Tränke,1910,3.18,1.38,3.46,8.5,0.2,0.26,-0.06,-2.99
Gütersloher Weg,10246,10.63,4.09,19.9,46.92,-0.66,0.06,0.4,-0.9
Darbystraße,11492,11.54,4.2,27.53,56.08,-1.22,-0.15,-0.87,-2.37
Germersheimer Platz,7627,12.11,4.54,23.53,57.87,-0.08,0.31,0.2,-0.84
An der Kappe,6098,5.49,1.46,9.38,25.7,-0.2,-0.37,0.27,1.92
Eckschanze,3880,10.88,3.6,20.21,44.71,-0.04,0.09,-0.8,-6.82
Eiswerder,5670,11.24,4.43,24.13,53.53,0.53,0.21,-0.09,-4.15
Kurstraße,7117,12.2,4.5,28.03,60.86,-0.63,0.08,-1.23,-1.84
Ackerstraße,6704,10.09,3.74,20.66,47.24,-1.06,-0.73,-0.15,-3.61
Carl-Schurz-Straße,11968,9.07,3.18,18.37,41.87,-1.23,-0.47,-1.43,-6.2
Freiheit,974,9.35,2.42,16.74,29.26,-2.54,-3.07,8.7,4.26
Isenburger Weg,3885,2.31,0.74,2.21,5.11,0.09,0.22,0.32,1.07
Am Heideberg,1709,4.89,1.63,6.44,18.18,-0.64,0.32,-1.17,-2.23
Staakener Straße,5847,4.11,1.34,6.69,15.7,-0.68,-0.32,0.94,1.92
Spandauer Straße,4010,6.55,2.26,9.2,17.69,-0.28,0.09,0.87,3.69
Magistratsweg,7032,11.45,3.68,20.78,57.13,-0.84,-0.51,1.39,2.52
Werkstraße,929,4.17,1.49,5.27,6.29,0.24,0.62,-0.32,-5.07
Döberitzer Weg,3095,2.92,0.38,4.33,7.63,-0.5,-0.51,-0.57,-1.72
Pillnitzer Weg,7364,13.26,4.51,31.14,64.58,0.2,-0.09,0.68,-0.31
Maulbeerallee,12413,16.04,5.99,38.51,72.47,0.32,0.16,-0.65,-2.05
Weinmeisterhornweg,6134,4.71,1.86,6.44,17.99,-0.13,-0.05,0.59,3.27
Borkumer Straße,7482,8.28,2.96,15.46,45.63,-0.68,0.4,0,1.41
Adamstraße,19359,8.36,3.2,16.2,37.58,-1.67,-0.31,-1.32,-5.88
Tiefwerder,4059,10.08,3.68,23.21,56.34,0.09,0.08,0.48,2.02
Graetschelsteig,1984,7.42,2.19,11.84,33.51,-1.06,-1.52,-0.75,-7.93
Börnicker Straße,4413,3.6,0.88,3.38,7.84,-0.37,-0.24,0.42,4.39
Zitadellenweg,3938,4.78,1.66,11.3,21.09,-0.58,-0.01,-0.96,-1.23
Gartenfelder Straße,11622,10.15,3.5,21.31,52.44,-0.65,-0.33,0.25,-1.08
Rohrdamm,11692,8.37,2.78,17.58,43.17,-0.31,-0.1,-0.29,-0.44
Motardstraße,1545,4.81,0.45,10.55,16.61,3.05,-0.04,7,11.45
Alt-Gatow,3965,2.76,0.43,4.82,11.93,0.85,-0.2,2.58,8.27
Groß-Glienicker Weg,415,8.54,3.56,5.78,10.2,-0.78,1.05,-0.92,1.87
Jägerallee,9855,2.33,0.57,2.09,3.68,-0.08,-0.09,0.41,0.91
Kladower Damm,2151,1.75,0.61,1.81,2.89,-0.18,-0.09,0.7,0.85
Kafkastraße,3670,2.32,0.77,2.43,5.7,-0.5,0.04,-0.38,-3.87
Fichtenberg,6829,2.83,0.82,3.12,5.41,-0.22,-0.33,-0.36,-1.11
Schloßstraße,8788,4.68,1.68,7.58,16.84,-0.99,-0.48,-0.43,-1.73
Markelstraße,6300,3.97,1.08,6.43,11.62,-1.76,-0.95,-0.19,-3.65
Munsterdamm,6914,5.64,1.76,9.86,20.58,-1.53,-1.07,-0.41,-4.6
Südende,9560,5.28,2.04,8.88,19.88,-1.21,-0.23,-0.41,-1.08
Stadtpark,7685,5.71,1.66,8.93,19.37,-0.46,-0.8,0.57,-1.4
Mittelstraße,7771,5.38,2.21,8.81,20.27,-0.9,-0.01,0.15,-1.6
Bergstraße,6798,5.5,1.9,8.27,16.62,-0.59,-0.1,-0.64,-0.83
Feuerbachstraße,9026,4.95,1.68,8.5,16.82,-1.12,-0.54,-0.46,-4.36
Bismarckstraße,4874,5.59,2.43,9.58,18.61,-1.1,-0.11,-0.16,-3.42
Alt-Lankwitz,4994,4.37,1.89,8.33,16.81,-2.09,-0.74,-1.32,-1.81
Komponistenviertel Lankwitz,5542,4.14,1.4,5.07,11.36,-1.06,-0.43,-0.35,-3.45
Lankwitz Kirche,7395,7.26,2.82,11.7,27.99,-1.12,-0.56,-0.25,-2.86
Kaiser-Wilhelm-Straße,6744,6.42,2.67,10.65,24.3,-0.93,-0.21,-0.19,-2.69
Gemeindepark Lankwitz,11433,6.52,2.53,12.69,28.82,-1.09,-0.37,-0.33,-4.18
Lankwitz Süd,6450,3.68,1.12,5.95,15.83,-0.61,-0.51,0.44,1.29
Thermometersiedlung,4593,10.52,4.58,22.38,58,-0.12,0.3,1.55,-2.73
Lichterfelde Süd,6827,6.22,2.26,10.39,25,-0.6,-0.33,0.55,-2.13
Königsberger Straße,8200,4.94,1.53,7.09,16.19,-0.55,-0.55,1.22,2.03
Oberhofer Platz,7119,3.58,1.17,4.47,10.15,-0.27,-0.27,0.44,3.29
Schütte-Lanz-Straße,8494,4.02,1.57,6.58,16.26,-0.18,-0.52,0.87,3.68
Berlepschstraße,5898,3.5,0.86,4.27,9.69,0.02,-0.18,0.28,-0.37
Zehlendorf Süd,5555,4.7,1.65,9.38,20.87,-1.62,-0.63,0.81,-2.8
Zehlendorf Mitte,11600,3.52,1.01,5.29,9.67,-1.04,-0.63,-1.03,-4.49
Teltower Damm,11122,2.46,0.69,2.78,5.27,-0.53,-0.04,-0.24,-1
Botanischer Garten,6935,4.05,1.56,5.22,9.88,-1.27,-0.66,-0.52,-4.5
Hindenburgdamm,5223,5.46,2.32,8.46,17.24,-1.16,-0.42,0.27,-0.8
Goerzwerke,3020,2.53,0.84,4.01,8.76,-0.62,-0.18,0.37,-2.39
Schweizer Viertel,13113,2.78,0.72,2.71,3.03,-0.37,-0.39,0.61,0.69
Augustaplatz,12047,4.44,1.63,5.86,12.65,-0.74,-0.23,0.46,-0.51
Lichterfelde West,8103,2.96,1.02,3.13,5.46,-0.1,-0.16,-0.09,0.42
Wannsee,10113,2.41,0.76,2.18,2.63,-0.53,-0.05,-0.08,-1.06
Düppel,5292,2.45,0.63,3.27,3.32,-0.13,-0.15,-0.03,-0.09
Nikolassee,10851,2.48,0.63,2.7,4.09,-0.34,-0.25,0.18,0.23
Krumme Lanke,7585,2.15,0.57,1.65,1.73,-0.41,-0.3,0.12,-0.52
Fischerhüttenstraße,5405,2.52,0.9,3.46,5.22,-0.51,-0.06,0.43,0.12
Fischtal,7299,2.94,0.62,2.69,4.47,-0.18,-0.5,0.06,0.88
Zehlendorf Eiche,5770,3.34,1.17,4.59,7.74,-0.62,-0.09,0.26,1.6
Hüttenweg,4592,2.57,0.43,2.57,4.23,0.26,-0.07,0.55,1.2
Thielallee,5136,1.91,0.48,1.4,1.46,0.49,0.28,-0.19,-0.38
Dahlem,7091,2.1,0.37,1.65,2.19,0.42,-0.17,0.75,1.14
Wittenbergplatz/Viktoria-Luise-Platz,10130,5.78,2,10.56,14.91,-0.81,-0.4,-0.44,-4.46
Nollendorfplatz,15907,7.78,2.64,20.24,44,-0.98,-0.63,0.47,0.78
Barbarossaplatz,10257,5.76,1.98,9.38,18.33,0.1,0.13,-0.67,-0.38
Dennewitzplatz,13701,8.47,3.09,22.53,43.32,-1.48,-0.81,-0.81,-4.63
Bayerischer Platz,10496,5.17,1.65,8.66,16.71,-1.22,-0.39,0.07,-1.55
Volkspark (Rudolf-Wilde-Park),10237,6.97,2.34,13.12,29.45,-0.39,0.03,1.22,1.92
Kaiser-Wilhelm-Platz,17768,6.43,2.2,14.28,27.29,-1.35,-0.64,-0.46,-2.17
Schöneberger Insel,11779,5.83,2.01,10.76,19.92,-1.76,-0.34,-1.2,-6.75
Friedenau,24695,3.5,1.05,5.19,8.16,-0.62,-0.2,-0.25,-1.15
Ceciliengärten,9351,4.13,1.15,6.3,10.92,-0.75,-0.52,-0.67,-0.88
Grazer Platz,12334,7.2,2.68,14.05,30.13,-0.61,-0.34,-1.27,-3.1
Neu-Tempelhof,18419,6.22,2.04,11.54,21.96,-0.98,-0.39,-0.67,-2.26
Lindenhofsiedlung,2293,6.94,2.39,14.17,30.47,-2.24,-1.27,-0.72,-10.06
Manteuffelstraße,23743,6.96,2.79,14.06,34.74,-1.24,-0.11,-0.63,-3.49
Marienhöhe,5102,7.43,2.07,13.47,34.46,-0.78,-0.71,0.08,1.38
Rathaus Tempelhof,11155,7.96,2.42,15.96,39.11,-1.24,-0.78,-0.24,-3.9
Germaniagarten,3911,12,4.1,29,71.02,-2.21,-0.95,2.67,5.78
Rathausstraße,16062,7.44,2.9,15.6,37.28,-1.19,-0.24,0.62,-2.33
Fritz-Werner-Straße,8120,8.04,2.76,13.55,32.37,-1.63,-0.47,-0.18,-3.43
Eisenacher Straße,9145,7.2,2.97,11.95,30.95,-1.41,0.13,0.1,-2
Imbrosweg,5588,7.49,2.53,13.44,27.74,-1.15,-0.67,0.28,-1.49
Hundsteinweg,10586,5.03,1.93,9.39,27.38,-0.86,-0.16,1.34,4.42
Birnhornweg,2305,3.71,0.5,4.12,12.11,-0.22,-1.16,1.31,2.95
Marienfelder Allee Nordwest,10109,8.81,2.27,20.17,47.03,-0.82,-0.89,2.12,5.69
Kirchstraße,4638,3.47,1.12,5.3,12.44,-0.84,-0.31,0.51,2.15
Marienfelde Nordost,3176,6.9,2.09,14.04,37.52,-1.66,-0.38,0.72,-12.06
Marienfelde Süd,14304,8.45,3.29,17.21,42.19,-0.85,-0.09,0.29,-1.69
Kettinger Straße/Schillerstraße,10474,4.22,1.38,6.75,17.82,-0.53,-0.32,0.64,0.1
Alt-Lichtenrade/Töpchiner Weg,10801,4.12,1.66,7.76,17.2,-0.97,-0.41,0.2,0.06
John-Locke-Straße,7304,8.67,3.26,14.84,36.9,-1.34,-0.62,-0.36,-5.66
Nahariyastraße,8390,10.77,4.06,26.02,58.51,-1.76,-0.34,2.31,-1.45
Franziusweg/Rohrbachstraße,6973,3.26,0.69,4.22,8.78,-0.4,-0.78,0.05,-1.54
Horstwalder Straße/Paplitzer Straße,3919,3.92,0.92,7.66,17.8,-1.2,-0.56,2.52,4.55
Wittelsbacherstraße,2936,2.73,0.83,3.75,11.75,-0.28,-0.4,0.88,2.21
Hasenheide,874,5.41,1.5,10.64,26.36,-2.92,-0.43,0.72,3.29
Wissmannstraße,3576,10.56,3.64,25.14,49.26,-1.83,-0.24,-2.33,-3.52
Schillerpromenade,15949,9.26,2.84,21.12,47.51,-1.36,-0.35,-1.57,-7.39
Silbersteinstraße,11755,11.67,3.49,29.6,68.23,0.24,-0.38,-1.28,-1.88
Flughafenstraße,9929,8.96,2.76,23.27,58.16,-1.17,-0.42,-0.91,-3.45
Rollberg,7432,11.21,3.58,34.23,65.54,-0.9,-0.38,-1.67,-2.45
Körnerpark,12649,9.29,2.89,24.87,59.85,-1.35,-0.44,-1.34,-6.25
Glasower Straße,8063,11.55,3.78,28.39,60.99,-0.91,-0.63,-1.71,-5.97
Reuterkiez,27792,7.63,2.25,17.24,37.88,-0.69,-0.27,-1.82,-6.96
Bouchéstraße,3670,9.59,3.34,21.14,51.48,-1.33,-0.78,-2.16,-3.36
Donaustraße,8512,9.54,3,25.67,60.91,-0.65,0.21,-0.09,-2.75
Rixdorf,23647,9.41,3.02,22.58,50.35,-1.03,-0.07,-1.77,-7.55
Hertzbergplatz,9145,8.98,2.5,19.81,46.71,-0.29,-0.15,-1.9,-6.47
Treptower Straße Nord,7071,12.68,3.69,32.56,69.81,-0.86,-0.51,-0.43,-3.84
Gewerbegebiet Ederstraße,835,9.8,2.52,13.89,43.06,-0.78,-0.42,-4.34,-9.8
Weiße Siedlung,5614,13.88,5.29,42,73.2,-1.52,0.22,0.09,0.86
Schulenburgpark,9489,15.9,5.88,43.85,77.08,-0.12,0.2,-1.61,-0.69
Gewerbegebiet Köllnische Heide,502,8.7,3.07,23.51,52.05,-2.34,0.47,7.06,22.43
Buschkrugallee Nord,10947,11.37,3.41,25.84,52.95,2.03,0.31,0.31,1.5
Tempelhofer Weg,9286,9.52,3.16,22.55,56.45,-0.29,-0.27,-0.44,-3.3
Mohriner Allee Nord,2322,1.8,0,2.24,6.02,-0.46,-0.58,0.08,-0.1
Parchimer Allee,14255,6.83,2.15,14.6,33.16,-0.63,0.02,-0.16,-0.97
Ortolanweg,1289,8.03,2.04,15.98,51.52,1.33,0.46,-0.16,4.36
Britzer Garten,1265,5.19,1.36,8.46,13.94,-2.05,-1.14,-1.96,-8.48
Handwerker-Siedlung,3337,6.83,2.1,10.04,19.61,-0.83,-0.41,-0.59,-0.78
Buckow West,8344,4.65,1.31,7.39,19.87,0.01,-0.01,-1.06,-1.24
Buckow Mitte,11651,5.76,1.65,11.67,30.84,-0.08,-0.08,1.24,1.24
Buckow Ost,8444,8.6,2.4,19.27,49.14,0.06,-0.19,0.32,1.41
Gropiusstadt Nord,12454,9.85,3.49,25.37,60.13,-0.54,0.13,-0.49,-3.93
Gropiusstadt Süd,7321,8.99,3.32,17.37,54.75,0.15,0.34,-0.56,-1.44
Gropiusstadt Ost,17099,10.05,3.21,23.6,53.18,-0.25,-0.46,-0.36,0.72
Goldhähnchenweg,2879,6.02,2.32,15.7,42.44,-0.07,-0.12,1.45,5.48
Vogelviertel Süd,4129,4.66,1.66,8.16,22.53,-0.51,0.08,-0.59,-0.62
Vogelviertel Nord,2688,5.97,2.03,11.57,26.81,2.19,0.73,1.29,3.01
Blumenviertel,8103,3.77,0.95,5.08,14.14,-0.09,-0.26,0.9,3
Zittauer Straße,6765,2.92,0.99,3.78,10.24,-0.43,0.27,-0.11,1.48
Alt-Rudow,9682,4.91,1.47,10.55,30.79,-0.62,-0.37,0.92,1.09
Waßmannsdorfer Chaussee,6913,3.55,1.07,4.69,10.94,0.12,-0.06,0.17,-0.03
Frauenviertel,3858,3.32,0.66,10.32,22.33,-1.62,-0.93,-2.92,-6.87
Waltersdorfer Chaussee Ost,7987,4.32,1.35,9,21.99,-0.08,0.02,-0.52,-0.75
Elsenstraße,11934,6.89,2.51,11.28,20.47,-1.88,-0.91,-1.79,-6.37
Am Treptower Park Nord,70,,,,,,,,
Am Treptower Park Süd,4319,4.38,1.67,6.37,11.17,-0.66,-0.21,0.18,1.17
Köpenicker Landstraße,6823,7.19,2.74,10.42,31.03,-2.94,-1.18,-0.1,-3.35
Baumschulenstraße,15387,5.88,2.17,9.06,24.63,-1.8,-0.45,-0.39,-4.62
Späthsfelde,2906,2.49,1.09,2.72,7.56,-0.42,0,0.44,2.54
Johannisthal West,8203,5.19,1.79,6.84,20.84,-1.13,-0.82,0.34,-1.06
Johannisthal Ost,11480,4.63,1.74,7.77,14.89,-0.67,-0.25,-0.18,-0.22
Oberschöneweide West,6683,10.08,4.03,19.63,43.27,-3.05,-1.2,1.44,0.59
Oberschöneweide Ost,14865,7.96,3.14,14.38,31.43,-0.86,-0.64,0.45,0.76
Schnellerstraße,7658,6.75,2.36,13.16,33.3,-1.8,-0.26,0.64,-0.63
Oberspree,3512,5.38,2.09,8.34,20.2,0.02,-0.13,2.02,-1.25
Adlershof West,1259,1.87,0.47,2.22,9.09,-3.75,-3.04,-3.48,-17.58
Adlershof Ost,16091,6.32,2.33,9.19,21.18,-1.08,-0.5,0.45,-0.15
Spindlersfeld,2935,4.84,1.84,8.55,15.48,-0.87,-0.5,0.74,-0.89
Köllnische Vorstadt,7737,8.07,3.24,18.19,43.47,-3.48,-1.23,-1.08,-8.19
Dorf Altglienicke,12998,2.6,0.91,3.6,7.36,-0.67,-0.14,0.46,-0.76
Wohngebiet II,5667,10.14,4.46,23.86,53.75,-4.05,-1.53,0.17,-3.05
Kölner Viertel,8063,4.85,1.6,9.28,17.99,-0.92,-0.83,-0.11,-0.73
Bohnsdorf,12776,3.58,1.26,4.8,11.66,-0.5,-0.15,-0.44,-2.13
Grünau,6041,4,0.89,4.92,10.68,-0.38,-0.51,1.31,2.77
Karolinenhof,1799,2.05,0,1.28,0,-0.44,-0.86,-0.03,-1.96
Schmöckwitz/Rauchfangswerder,2475,2.48,0.76,3.35,8.2,-1.69,-0.43,0.59,2.4
Kietzer Feld/Nachtheide,14437,5.24,1.81,6.83,17.57,-1.65,-0.84,0.01,-1.33
Wendenschloß,1812,2.85,0.74,2.1,5.53,0.69,0.29,1.26,5.53
Allende I,4962,4.83,1.56,6.49,19.19,-0.88,-0.34,-0.28,1.26
Allende II,1485,3.51,1.43,4.98,8.78,-0.39,0.02,-0.96,-5.12
Altstadt Kietz,7382,7.54,2.85,14.43,30.18,-0.99,-0.52,0.12,-2.59
Müggelheim,6582,2.25,0.57,2.11,2.98,-0.84,-0.5,-0.05,-0.75
Hirschgarten,3583,5.68,1.69,6.25,13.46,1.72,0.82,2.13,5.45
Bölschestraße,14685,3.67,1.2,3.84,7.01,-0.72,-0.4,-0.23,-0.43
Rahnsdorf/Hessenwinkel,9393,3.45,0.93,2.76,4.81,-0.34,-0.22,0.34,0.9
Dammvorstadt,10747,5.36,1.89,6.93,14.13,-1.14,-0.39,-0.82,-3.17
Köpenick Nord,12775,4.25,1.6,5.07,10.96,-1.44,-0.52,0.26,-1.22
Marzahn West,5671,8.45,2.59,24.67,49.47,-2.13,-1.3,-1.59,-5.65
Havemannstraße,17831,10.16,3.06,25.56,54.13,-2.16,-1.21,-3.52,-8.09
Gewerbegebiet Bitterfelder Straße,1379,,,,,,,,
Wuhletalstraße,10479,8.84,2.3,22.42,46.42,-2.12,-1.89,-1.15,-7.51
Marzahn Ost,8319,8.97,2.47,20.03,46.41,-2.87,-2,-2.23,-5.56
Ringkolonnaden,17015,7.94,2.02,16.9,43.98,-1.54,-1.29,-1.48,-6.25
Marzahner Promenade,10762,8.1,2.29,18.26,46.05,-1.98,-1.02,-2.13,-8.17
Marzahner Chaussee,2329,5.4,1.32,6.96,14.48,-0.39,-0.54,0.95,3.92
Springpfuhl,14378,6.92,1.91,14.33,38.06,-1.9,-1.39,-1.17,-5.68
Alt-Marzahn,17818,6.92,1.97,13.26,36.11,-1.44,-0.8,-1.29,-4.94
Landsberger Tor,2932,3.96,0.98,7.16,16.09,0.27,0.01,0.47,2.37
Alte Hellersdorfer Straße,6736,11.79,3.54,33.82,60.41,-3.72,-1.69,-1.11,-2.35
Gut Hellersdorf,15530,9.06,2.47,20.66,47.84,-1.77,-0.9,-1.76,-7.35
Helle Mitte,1660,7.35,2.33,22.05,46.09,-1.02,-0.23,-1.59,-5.87
Hellersdorfer Promenade,5550,12.79,3.56,33.37,69.96,-2.18,-1.69,0.62,-1.15
Böhlener Straße,5547,11.08,2.78,27.06,55.27,-2.95,-1.31,-0.69,-1.15
Adele-Sandrock-Straße,8861,4.9,1.61,10.81,29.01,-1.68,-0.62,-0.59,-2.66
Schleipfuhl,5167,8.48,2.29,19.53,40.75,-1.46,-0.81,-0.81,-7.21
Boulevard Kastanienallee,6051,12.35,3.46,29.88,57.37,-2.58,-1.8,-2.83,-4.33
Kaulsdorf Nord II,3299,7.01,1.96,16.16,43.72,-1.38,-1.15,-1.57,-3.23
Gelbes Viertel,6071,8.53,2.48,23.8,46.05,-2,-0.88,-1.42,-7.32
Kaulsdorf Nord I,8631,6.03,1.53,11.55,31.51,-2.05,-1.02,-2.88,-11.86
Rotes Viertel,6527,6.48,2.33,10.77,25.57,-1.48,-0.41,-1.31,-7.14
Oberfeldstraße,7799,1.83,0.39,1.44,2.04,-0.49,-0.3,-0.13,-2.09
Buckower Ring,6297,6.88,1.89,10.72,15.8,-0.74,-0.91,-1.5,-7.17
Alt-Biesdorf,3009,2.75,0.76,2.86,5.84,-0.64,-0.09,1.31,3
Biesdorf Süd,9315,2.06,0.56,1.2,3.45,-0.09,0.04,0.15,1.6
Kaulsdorf Nord,7719,3.71,0.96,5.22,12.98,-0.43,-0.51,-0.89,-2.97
Alt-Kaulsdorf,3762,2.42,0.64,3.88,4.71,-0.91,-0.34,0.67,1.05
Kaulsdorf Süd,7545,2.09,0.6,1.8,3.43,-0.36,-0.09,-0.78,-2.26
Mahlsdorf Nord,9323,2.04,0.48,1.81,2.11,-0.66,-0.37,-0.19,-1.03
Alt-Mahlsdorf,3956,2.78,0.53,2.12,2.84,-0.5,-0.41,-0.8,-2.45
Mahlsdorf Süd,14747,2.3,0.69,1.98,3.86,-0.49,-0.23,-0.13,-0.28
Dorf Malchow,592,3.47,1.85,9.29,12.5,-7.21,-0.33,-3.39,4.03
Dorf Wartenberg,2557,1.88,0.72,2.07,3.88,-1.19,-0.36,-0.27,-2.31
Dorf Falkenberg,1604,4.14,0.58,4.55,8.37,1.17,-0.61,1.91,2
Falkenberg Ost,8907,9.63,3.65,24.77,51.33,-2.52,-1.42,-0.2,-5.55
Falkenberg West,6713,7.35,2.61,20.93,47.95,-2.89,-1.32,-1.63,-3.82
Wartenberg Süd,5997,7.21,3.06,17.89,45.31,-1.56,-0.45,-0.59,-5.31
Wartenberg Nord,7113,7.91,2.91,18.21,39.14,-1.68,-0.49,-0.04,-3.95
Zingster Straße Ost,11771,8.67,3.16,20.53,50.31,-1.73,-0.96,1.76,-0.11
Zingster Straße West,9670,9.77,3.1,22.76,51.85,-1.32,-1.43,-0.57,-2.95
Mühlengrund,5238,6.64,2.51,9.98,27.88,-1.06,-0.66,-1.07,-5.46
Malchower Weg,9242,6.19,1.74,11.3,28.5,0.65,0.09,3.43,6.32
Hauptstraße,6410,6.8,2.57,12.39,27.13,-0.82,-0.75,-1.2,-5.33
Orankesee,4014,2.8,0.2,4.81,10.51,-0.05,-0.73,2.63,6.65
Große-Leege-Straße,9074,5.67,1.85,12.03,28.23,-1.09,-0.64,1.93,4.38
Landsberger Allee,14529,6.96,2.49,14.78,39.41,-1.64,-0.62,0.47,-0.43
Weiße Taube,3725,2.28,0.64,3.44,8.26,-0.7,-0.03,-0.23,-1.9
Hohenschönhausener Straße,6044,9.46,3.68,18.7,57.64,-1.3,-0.11,-0.13,-4.1
Fennpfuhl West,15954,5.87,2.11,11.61,31.49,-1.68,-0.72,-0.47,-3.23
Fennpfuhl Ost,10784,7.75,2.58,16.62,42.35,-1.91,-0.95,-0.4,-6.01
Herzbergstraße,5858,4.71,1.19,11.04,34.72,-0.34,-0.38,0.24,1.2
Rüdigerstraße,25327,5.98,1.95,10.19,20.06,-1.38,-0.81,-0.45,-4.66
Frankfurter Allee Süd,10019,6.55,2.18,14.05,38.77,-1.75,-0.87,-0.43,-1.42
Victoriastadt,3817,5.5,1.62,9.3,13.55,-1.33,-0.19,-1.87,-5.53
Weitlingstraße,28022,6.81,2.25,11.57,25.98,-1.01,-0.43,-1.16,-5.92
Rosenfelder Ring,5448,8.34,2.79,14.59,46.89,-2.66,-1.79,-0.64,-2.22
Gensinger Straße,5980,9.03,3.25,18.8,43.03,-0.83,-0.16,0.14,-1.21
Tierpark,3033,6.6,1.64,14.9,34.02,-2.27,-1.79,-2.85,-9.57
Sewanstraße,25108,6.57,2.29,12.12,38.68,-1,-0.86,0.23,-3.43
Rummelsburg,3494,3.5,0.65,3.86,3.28,-1.03,-0.89,0.03,0.11
Karlshorst West,9336,3.23,0.9,5.33,8.6,-0.93,-0.48,-0.56,-1.87
Karlshorst Nord,11073,3.02,0.9,3.91,5.67,-0.9,-0.51,-0.24,-0.24
Karlshorst Süd,6668,2.8,0.8,2.92,3.23,-0.23,-0.06,-0.26,-0.61
Breitkopfbecken,7568,10.09,3.96,22.6,52.51,-0.89,-0.04,-0.79,-1.99
Hausotterplatz,9479,8.58,2.9,23.58,52.45,-1.53,-0.59,-0.1,-1.25
Letteplatz,10672,9.52,3.01,22.94,51.88,-0.89,-0.55,-1.47,-3.7
Teichstraße,13515,8.41,2.75,20.58,52.77,-1.4,-0.73,-0.83,-1.2
Schäfersee,8803,9.48,3.17,20.23,52.51,-1.25,-0.31,-0.3,-2.04
Humboldtstraße,4601,7.45,2.54,12.39,33.55,0.53,0.1,-0.65,3.01
Waldidyll/Flughafensee,7315,3.47,1.21,6.94,15.19,-0.86,-0.08,0.18,-0.92
Tegel Süd,7651,9.31,3.3,20.55,44.36,0.11,-0.18,-0.14,-0.92
Reinickes Hof,2598,9.69,3.19,17.44,46.53,-0.77,-0.6,0.61,3.97
Klixstraße,7955,11.14,3.85,29.52,62.96,-0.14,-0.07,0.42,0.2
Mellerbogen,5517,7.01,2.39,14.77,42.59,-0.22,-0.45,-0.41,-1.64
Scharnweberstraße,10663,10.71,3.67,23.6,53.66,0.61,0.26,-0.35,-1.11
Alt-Tegel,10698,4.87,1.56,6.85,16.33,-0.46,0.05,-0.54,-1.63
Tegeler Forst,252,,,,,,,,
Konradshöhe/Tegelort,6081,2.1,0.6,2.2,5.63,-0.77,-0.32,-0.07,-0.15
Heiligensee,18043,2.47,0.77,2.74,4.94,-0.03,0.03,0.19,0.71
Hermsdorf,16532,2.59,0.83,2.91,5.2,-0.35,-0.08,0.12,0.58
Frohnau,16886,2.21,0.58,2.2,4.2,-0.06,-0.12,0.17,0.97
Wittenau Süd,15270,6.78,2.18,12.85,31.82,0.02,-0.03,1.08,5.42
Wittenau Nord,6561,3.65,1,6.52,16.46,0.22,0.02,0.33,2.04
Waidmannslust,4924,3.47,0.97,5.75,11.61,-0.65,-0.36,0.69,2.78
Lübars,5120,3,1.16,3.42,6.61,0.09,0.31,0.16,1.96
Schorfheidestraße,3054,4.45,0.9,8.74,25,-0.36,-0.49,1.65,6.13
Märkisches Zentrum,14505,11.22,3.84,26.88,61.05,-0.1,-0.33,-0.94,-4.65
Treuenbrietzener Straße,11666,12.43,4.11,34.31,64.9,-0.51,-0.09,-0.62,-3.46
Dannenwalder Weg,10481,11.45,3.83,30.74,59.95,-0.24,-0.46,-0.81,-2.25
Lübarser Straße,3301,5.67,1.79,7.48,17.04,-0.52,-0.57,0.14,2.8
Rollbergesiedlung,5929,11.65,3.45,34.49,68.9,-0.09,0,4.05,4.48
Borsigwalde,6619,6.48,2.66,12.27,28.73,-0.54,0.24,0.67,-0.61
Ziekowstraße/Freie Scholle,9660,4.54,1.59,7.78,16.63,-0.7,-0.04,-0.05,-1.57
