unit,age,sex,geo\time	2006 	2007 	2008 	2009 	2010 	2011 	2012 	2013 	2014 	2015 	2016 	2017 
PC,Y_GE15,F,AT11	6.4 u	: bu	: u	5.5 u	: u	: u	5.0 u	: u	4.9 u	5.9 u	5.9 u	5.8 u
PC,Y_GE15,F,AT12	4.9 	4.4 b	4.3 	4.5 	3.7 	4.5 	4.6 	5.1 	5.0 	4.9 	4.6 	4.2 
PC,Y_GE15,F,AT13	8.8 	8.7 b	6.8 	7.5 	7.3 	7.4 	7.8 	8.6 	9.0 	8.8 	9.6 	8.9 
PC,Y_GE15,F,AT21	5.8 	5.1 b	4.3 u	4.7 u	4.4 u	4.5 u	5.1 	5.6 	5.9 	5.8 	5.9 	4.8 
PC,Y_GE15,F,AT22	5.1 	4.6 b	3.9 	4.7 	4.7 	3.6 	4.3 	4.8 	4.9 	4.8 	5.1 	4.1 
PC,Y_GE15,F,AT31	4.1 	4.5 b	3.2 	4.4 	3.7 	3.5 	3.3 	4.3 	4.3 	4.0 	4.3 	3.7 
PC,Y_GE15,F,AT32	4.0 u	3.7 bu	3.1 u	3.7 u	3.7 u	3.2 u	2.9 u	2.8 u	3.3 u	3.4 u	2.9 u	2.8 u
PC,Y_GE15,F,AT33	3.7 u	3.7 b	3.0 u	3.4 u	3.0 u	2.8 u	3.1 u	3.4 	2.8 u	3.0 u	3.5 	3.9 
PC,Y_GE15,F,AT34	6.3 u	5.3 bu	4.9 u	5.7 u	4.7 u	5.0 u	4.6 u	3.4 u	: u	3.7 u	3.5 u	3.5 u
PC,Y_GE15,F,BE10	18.2 	16.9 	16.6 	15.7 	17.9 	15.4 b	16.7 	17.0 	16.1 	15.8 	16.0 	14.7 b
PC,Y_GE15,F,BE21	6.2 	5.6 	4.6 	6.1 	5.8 	5.5 b	4.8 	6.2 	6.2 	5.7 	5.9 	6.6 b
PC,Y_GE15,F,BE22	8.7 	7.5 	5.4 	5.4 	5.3 	5.2 b	5.3 	5.3 	5.2 	4.6 	5.2 	4.6 b
PC,Y_GE15,F,BE23	5.1 	5.4 	3.9 	4.3 	4.8 	3.9 b	4.5 	4.0 	4.2 	4.0 	4.2 	3.6 b
PC,Y_GE15,F,BE24	4.9 	3.5 	3.9 	4.6 	5.0 	3.8 b	4.2 	5.9 	4.8 	4.9 	4.4 	5.1 b
PC,Y_GE15,F,BE25	4.8 	3.6 	3.3 	4.1 	4.5 	3.1 b	3.8 	3.6 	4.1 	3.4 	3.5 	3.5 b
PC,Y_GE15,F,BE31	8.7 	7.9 	6.8 	7.1 	9.0 	7.2 b	7.8 	7.8 	9.2 	7.8 	8.2 	6.6 b
PC,Y_GE15,F,BE32	16.6 	15.8 	13.6 	14.4 	15.1 	12.9 b	12.4 	12.9 	12.3 	12.1 	11.3 	10.9 b
PC,Y_GE15,F,BE33	13.4 	12.4 	11.6 	12.7 	11.5 	9.6 b	9.6 	12.1 	11.3 	12.5 	10.6 	9.5 b
PC,Y_GE15,F,BE34	9.4 u	8.1 u	9.3 u	7.8 u	8.0 u	7.6 bu	7.4 u	8.3 u	9.6 	10.3 	8.9 	6.4 bu
PC,Y_GE15,F,BE35	11.5 	9.8 	10.3 	9.7 	10.8 	7.9 b	7.6 	10.8 	9.2 	10.5 	9.5 	6.4 b
PC,Y_GE15,F,BG31	11.5 	9.3 	6.5 b	7.7 	9.8 b	11.3 b	11.1 	11.6 	11.5 	10.5 	10.5 	10.4 
PC,Y_GE15,F,BG32	14.2 	10.1 	8.4 b	8.2 	10.2 b	11.5 b	11.5 	13.9 	11.7 	9.8 	8.4 	6.0 
PC,Y_GE15,F,BG33	12.5 	12.9 	10.2 b	10.2 	14.1 b	14.5 b	17.2 	16.5 	12.2 	10.9 	10.3 	10.7 
PC,Y_GE15,F,BG34	8.7 	6.8 	6.0 b	7.1 	10.4 b	10.7 b	11.2 	13.1 	12.2 	10.2 	7.8 	6.8 
PC,Y_GE15,F,BG41	6.1 	4.1 	3.0 b	3.9 	6.7 b	6.2 b	7.4 	8.6 	7.6 	5.4 	4.5 	3.2 
PC,Y_GE15,F,BG42	8.5 	6.3 	5.2 b	6.8 	10.7 b	11.9 b	11.7 	12.2 	11.4 	8.9 	6.0 	4.7 
PC,Y_GE15,F,CH01	6.1 	5.8 	4.9 	5.9 	7.8 b	7.9 	6.9 	7.5 	7.7 	7.5 	7.5 	8.2 
PC,Y_GE15,F,CH02	4.5 	5.3 	3.9 	4.2 	4.8 b	4.3 	4.4 	4.3 	4.8 	4.3 	4.6 	4.9 
PC,Y_GE15,F,CH03	4.7 	3.8 	4.0 	5.0 	4.9 b	4.1 	4.2 	4.3 	4.1 	4.3 	5.3 	4.4 
PC,Y_GE15,F,CH04	4.3 	4.1 	3.5 	4.0 	5.0 b	4.0 	4.3 	4.1 	3.7 	4.1 	4.0 	4.2 
PC,Y_GE15,F,CH05	4.2 	3.6 	3.6 	3.9 	4.0 b	4.5 	3.7 	4.4 	4.1 	4.4 	4.2 	3.5 
PC,Y_GE15,F,CH06	3.5 u	3.3 u	3.0 u	3.5 u	3.5 b	2.6 	3.2 	3.4 	4.3 	3.7 	3.3 	3.9 
PC,Y_GE15,F,CH07	6.2 u	5.3 u	5.8 u	5.4 u	6.0 bu	6.5 u	8.2 	8.4 	8.0 	7.5 	7.3 	6.8 
PC,Y_GE15,F,CY00	5.4 	4.6 	4.2 	5.5 b	6.4 	7.6 	11.1 	15.2 	15.1 	14.8 	13.3 	11.3 
PC,Y_GE15,F,CZ01	2.7 	2.8 	2.3 	3.2 	4.1 	3.8 b	3.4 	3.1 	2.7 	3.3 	2.0 	2.1 
PC,Y_GE15,F,CZ02	6.0 	4.0 	3.0 	5.2 	6.3 	6.0 b	5.7 	6.0 	6.1 	4.2 	4.0 	2.7 
PC,Y_GE15,F,CZ03	6.2 	4.9 	4.3 	6.1 	6.6 	6.4 b	6.6 	6.8 	7.4 	5.0 	3.9 	2.6 
PC,Y_GE15,F,CZ04	15.7 	11.4 	8.8 	12.5 	13.5 	10.6 b	12.9 	11.6 	10.4 	8.8 	5.6 	4.3 
PC,Y_GE15,F,CZ05	7.7 	6.3 	5.4 	8.8 	8.7 	7.9 b	9.2 	10.2 	8.1 	6.3 	4.6 	3.7 
PC,Y_GE15,F,CZ06	8.8 	6.6 	5.4 	7.5 	8.1 	8.8 b	8.9 	8.2 	6.9 	5.9 	4.6 	4.2 
PC,Y_GE15,F,CZ07	10.3 	7.5 	6.1 	8.8 	10.6 	9.0 b	9.0 	8.8 	8.4 	6.7 	4.1 	3.4 
PC,Y_GE15,F,CZ08	14.3 	11.3 	10.3 	10.9 	10.9 	11.2 b	10.8 	12.1 	10.2 	9.3 	8.8 	5.7 
PC,Y_GE15,F,DE11	6.8 	5.3 	5.0 	5.6 	5.2 b	3.8 b	3.7 	3.7 	2.9 	3.3 	3.1 	2.9 
PC,Y_GE15,F,DE12	7.3 	6.2 	5.2 	5.3 	5.2 b	4.2 b	3.8 	3.4 	3.1 	3.2 	3.3 	3.3 
PC,Y_GE15,F,DE13	5.8 	5.0 	4.4 	4.2 	4.0 b	2.9 b	2.7 	2.9 	3.0 	2.2 	3.0 	2.7 
PC,Y_GE15,F,DE14	6.5 	5.2 	4.6 	5.1 	4.3 b	3.4 b	3.0 	3.2 	2.5 	2.8 	2.5 	2.0 
PC,Y_GE15,F,DE21	5.4 	4.7 	3.5 	4.0 	3.3 b	2.9 b	2.8 	2.5 	2.4 	2.4 	2.4 	2.0 
PC,Y_GE15,F,DE22	7.5 	5.6 	5.3 	5.1 	3.7 b	3.1 b	3.3 	3.5 	3.0 	2.6 	1.8 	1.7 
PC,Y_GE15,F,DE23	7.2 	5.9 	4.3 	5.1 	4.1 b	3.0 b	3.4 	3.7 	2.3 	2.7 	2.9 	2.0 
PC,Y_GE15,F,DE24	9.8 	8.2 	6.9 	6.8 	6.3 b	4.1 b	2.8 	3.6 	3.9 	3.7 	2.9 	2.8 
PC,Y_GE15,F,DE25	8.2 	7.1 	5.5 	6.7 	5.4 b	4.0 b	3.8 	3.1 	3.3 	3.1 	2.2 	2.2 
PC,Y_GE15,F,DE26	7.1 	6.8 	5.2 	6.0 	5.2 b	3.9 b	4.1 	3.5 	3.5 	3.1 	2.4 	2.1 
PC,Y_GE15,F,DE27	7.0 	5.7 	4.9 	4.7 	4.8 b	4.0 b	3.7 	3.6 	3.3 	3.2 	3.0 	3.2 
PC,Y_GE15,F,DE30	16.9 	14.3 	13.5 	11.6 	11.3 b	10.5 b	9.2 	9.1 	8.5 	8.1 	7.0 	6.4 
PC,Y_GE15,F,DE40	16.1 	14.0 	11.3 	10.3 	9.1 b	8.0 b	8.0 	6.6 	6.6 	5.5 	3.6 	3.6 
PC,Y_GE15,F,DE50	12.7 	9.3 	7.6 	7.0 	5.9 b	6.5 b	5.6 	6.9 	5.7 	4.9 	4.6 	3.3 
PC,Y_GE15,F,DE60	9.3 	8.5 	6.5 	5.8 	6.4 b	5.0 b	4.8 	4.0 	4.7 	3.9 	3.6 	3.8 
PC,Y_GE15,F,DE71	7.9 	7.0 	6.3 	6.1 	5.4 b	4.6 b	4.5 	3.7 	4.2 	4.0 	3.7 	2.8 
PC,Y_GE15,F,DE72	8.4 	7.4 	6.6 	6.5 	5.9 b	5.5 b	5.3 	4.6 	4.2 	3.4 	3.9 	2.9 
PC,Y_GE15,F,DE73	8.4 	8.1 	7.5 	6.3 	6.3 b	4.7 b	3.7 	4.2 	4.3 	2.7 	3.7 	2.3 
PC,Y_GE15,F,DE80	18.7 	17.6 	14.6 	13.0 	10.7 b	9.8 b	10.2 	8.9 	8.6 	7.5 	5.8 	4.7 
PC,Y_GE15,F,DE91	10.3 	9.0 	8.9 	8.1 	6.9 b	6.3 b	4.8 	5.1 	4.7 	4.1 	4.0 	3.7 
PC,Y_GE15,F,DE92	9.9 	8.0 	6.8 	7.0 	6.2 b	6.2 b	5.1 	5.3 	4.7 	4.2 	3.6 	4.0 
PC,Y_GE15,F,DE93	8.9 	7.8 	6.3 	5.4 	5.9 b	5.7 b	4.6 	3.9 	3.6 	3.1 	3.2 	3.0 
PC,Y_GE15,F,DE94	9.5 	7.4 	6.6 	5.8 	5.0 b	4.2 b	3.9 	3.8 	3.6 	4.1 	3.0 	2.6 
PC,Y_GE15,F,DEA1	8.8 	7.8 	7.1 	6.8 	6.5 b	5.7 b	5.7 	5.3 	5.7 	5.1 	3.9 	3.4 
PC,Y_GE15,F,DEA2	8.8 	7.7 	6.9 	6.6 	6.6 b	5.4 b	4.7 	5.1 	4.7 	4.2 	3.3 	3.0 
PC,Y_GE15,F,DEA3	8.7 	7.0 	6.1 	6.5 	5.8 b	4.6 b	4.4 	4.7 	4.1 	3.9 	3.7 	3.1 
PC,Y_GE15,F,DEA4	9.4 	7.9 	7.5 	7.0 	6.1 b	5.4 b	4.6 	4.8 	4.8 	4.2 	3.4 	3.3 
PC,Y_GE15,F,DEA5	10.9 	10.0 	8.8 	8.4 	6.9 b	6.1 b	6.1 	5.7 	5.1 	4.8 	4.3 	3.8 
PC,Y_GE15,F,DEB1	7.8 	6.4 	6.6 	6.5 	5.1 b	4.7 b	3.9 	3.8 	3.8 	3.5 	3.1 	2.7 
PC,Y_GE15,F,DEB2	6.8 	6.3 	5.3 	4.4 	: bu	4.4 b	: u	: u	: u	: u	: u	: u
PC,Y_GE15,F,DEB3	8.5 	5.8 	5.5 	5.5 	5.8 b	5.3 b	4.6 	4.3 	3.7 	3.5 	3.6 	3.4 
PC,Y_GE15,F,DEC0	8.9 	7.1 	6.9 	8.4 	6.1 b	5.4 b	6.3 	5.4 	5.5 	4.4 	4.1 	3.5 
PC,Y_GE15,F,DED2	16.6 	13.4 	11.7 	11.5 	9.7 b	7.9 b	7.5 	6.9 	7.2 	5.4 	4.2 	4.1 
PC,Y_GE15,F,DED4	18.1 	15.7 	13.6 	13.0 	11.2 b	8.9 b	8.2 	8.2 	6.5 	5.1 	4.6 	4.5 
PC,Y_GE15,F,DED5	15.5 	17.0 	13.1 	12.4 	11.2 b	11.0 b	8.9 	8.6 	7.4 	6.7 	5.7 	4.6 
PC,Y_GE15,F,DEE0	18.0 	16.1 	15.5 	13.4 	10.8 b	10.1 b	9.7 	9.2 	8.4 	7.6 	7.2 	6.2 
PC,Y_GE15,F,DEF0	8.9 	8.5 	6.8 	7.0 	5.7 b	5.0 b	4.4 	4.4 	4.2 	3.4 	3.5 	2.8 
PC,Y_GE15,F,DEG0	16.4 	15.0 	12.0 	10.6 	8.9 b	7.4 b	7.7 	6.3 	6.0 	5.8 	5.0 	4.2 
PC,Y_GE15,F,DK01	: 	4.2 	3.5 	5.6 	7.3 	8.3 	8.4 	7.9 	7.4 	6.9 	7.1 b	6.4 b
PC,Y_GE15,F,DK02	: 	3.9 	3.8 	4.5 	5.6 	6.9 	5.9 	6.8 	6.3 	6.2 	6.7 b	5.4 b
PC,Y_GE15,F,DK03	: 	3.9 	3.5 	5.3 	6.3 	7.5 	8.0 	7.7 	6.8 	6.3 	6.7 b	5.9 b
PC,Y_GE15,F,DK04	: 	4.0 	3.8 	5.1 	6.2 	6.6 	6.7 	6.6 	6.7 	6.0 	5.5 b	5.8 b
PC,Y_GE15,F,DK05	: 	5.5 	4.8 	6.3 	6.2 	7.3 	7.9 	6.6 	6.1 	6.5 	7.5 b	5.4 b
PC,Y_GE15,F,EE00	5.6 	3.8 	5.1 	10.3 	14.1 	11.6 	9.1 	8.2 	6.8 	6.1 	6.1 	5.3 
PC,Y_GE15,F,EL30	11.8 	11.2 	8.8 	11.3 b	14.6 	19.9 	27.4 	30.7 	29.5 	27.4 	26.2 	24.8 
PC,Y_GE15,F,EL41	16.6 	14.0 	9.7 u	12.4 bu	14.4 	17.8 	28.5 	27.3 	28.1 	25.1 	26.1 	28.2 
PC,Y_GE15,F,EL42	15.4 	17.9 	12.9 	17.6 b	21.9 	18.7 	20.6 	26.3 	21.2 	16.3 	21.7 	19.2 
PC,Y_GE15,F,EL43	11.4 	8.7 	10.2 	12.4 b	15.2 	19.3 	27.1 	29.7 	27.9 	28.9 	27.6 	21.4 
PC,Y_GE15,F,EL51	16.3 	15.0 	14.5 	15.8 b	18.2 	23.4 	25.1 	28.5 	27.7 	27.7 	27.6 	24.9 
PC,Y_GE15,F,EL52	14.8 	14.2 	13.0 	14.3 b	18.4 	24.8 	30.3 	35.1 	33.2 	30.1 	28.4 	28.2 
PC,Y_GE15,F,EL53	20.3 	18.3 	19.1 	16.8 b	19.6 	28.8 	36.4 	37.8 	34.6 	39.6 	40.4 	37.2 
PC,Y_GE15,F,EL54	15.9 	15.8 	16.4 	16.3 b	17.6 	20.9 	26.8 	31.5 	30.1 	28.9 	29.1 	29.4 
PC,Y_GE15,F,EL61	14.0 	11.6 	12.2 	13.0 b	16.9 	23.0 	30.5 	31.8 	31.9 	32.9 	30.4 	26.0 
PC,Y_GE15,F,EL62	18.2 	14.8 	12.2 	14.1 b	19.0 	18.3 	19.9 	24.7 	27.9 	24.4 	17.4 	21.4 
PC,Y_GE15,F,EL63	16.4 	16.1 	15.9 	15.5 b	16.8 	22.8 	30.4 	34.7 	34.3 	34.1 	38.5 	35.4 
PC,Y_GE15,F,EL64	16.6 	16.5 	14.2 	16.7 b	18.1 	26.3 	36.0 	32.7 	30.8 	32.4 	33.8 	26.7 
PC,Y_GE15,F,EL65	12.2 	11.8 	11.1 	12.9 b	14.0 	17.0 	24.7 	26.9 	28.6 	27.4 	23.7 	21.5 
PC,Y_GE15,F,ES11	11.3 	9.9 	10.2 	13.4 	16.2 	18.1 	20.2 	21.7 	21.7 	20.0 	17.8 	16.4 
PC,Y_GE15,F,ES12	12.3 	10.9 	10.6 	14.3 	16.8 	17.3 	21.8 	24.4 	22.2 	18.6 	16.3 	13.9 
PC,Y_GE15,F,ES13	9.4 	8.0 	8.8 	12.6 	15.0 	14.3 	17.4 	20.8 	18.7 	19.0 	15.5 	13.9 
PC,Y_GE15,F,ES21	9.0 	7.8 	7.8 	11.6 	11.2 	13.0 	15.7 	16.5 	16.1 	14.7 	13.1 	12.2 
PC,Y_GE15,F,ES22	7.0 	6.9 	8.4 	11.9 	12.4 	13.5 	15.5 	18.9 	16.0 	15.2 	14.3 	13.2 
PC,Y_GE15,F,ES23	7.6 u	8.3 	9.9 	12.7 	15.9 	17.9 	22.5 	21.0 	21.2 	16.9 	15.1 	14.9 
PC,Y_GE15,F,ES24	7.9 	7.2 	8.2 	12.6 	15.9 	17.3 	19.8 	22.7 	22.5 	19.9 	17.8 	14.8 
PC,Y_GE15,F,ES30	8.3 	7.8 	9.5 	13.8 	16.1 	16.3 	17.9 	20.3 	19.6 	17.3 	16.5 	13.9 
PC,Y_GE15,F,ES41	12.3 	10.4 	13.4 	16.5 	17.9 	18.4 	22.1 	23.7 	22.7 	21.1 	17.9 	16.6 
PC,Y_GE15,F,ES42	14.7 	11.6 	15.3 	21.4 	24.2 	26.1 	32.3 	33.3 	32.9 	31.3 	28.2 	26.0 
PC,Y_GE15,F,ES43	18.6 	18.5 	21.7 	25.0 	26.3 	27.9 	36.0 	35.9 	33.2 	33.5 	32.4 	30.7 
PC,Y_GE15,F,ES51	8.1 	7.6 	8.7 	15.0 	16.5 	18.4 	21.7 	22.4 	20.0 	19.4 	16.9 	14.4 
PC,Y_GE15,F,ES52	11.0 	11.3 	13.4 	20.5 	22.8 	24.3 	27.0 	29.2 	26.8 	23.8 	22.6 	20.2 
PC,Y_GE15,F,ES53	8.1 	8.7 	10.8 	16.2 	19.3 	21.3 	24.1 	21.9 	18.4 	17.3 	14.4 	12.5 
PC,Y_GE15,F,ES61	17.7 	17.4 	21.2 	26.8 	29.2 	32.0 	35.5 	38.0 	37.3 	34.5 	32.1 	28.6 
PC,Y_GE15,F,ES62	10.8 	9.9 	13.1 	18.5 	22.4 	25.0 	27.4 	29.5 	29.1 	28.4 	23.0 	21.6 
PC,Y_GE15,F,ES63	29.5 u	30.1 u	26.0 u	27.4 u	28.4 u	36.9 	48.0 	43.8 	36.4 	36.5 	32.0 u	29.6 u
PC,Y_GE15,F,ES64	22.0 u	27.6 u	28.6 u	32.1 u	30.3 u	27.3 u	33.4 u	31.7 u	35.4 	40.1 	37.7 	37.5 
PC,Y_GE15,F,ES70	14.6 	12.9 	18.8 	26.5 	27.9 	29.1 	33.3 	33.0 	33.1 	30.6 	28.0 	26.0 
PC,Y_GE15,F,FI19	8.9 	7.5 	7.2 b	8.4 	7.9 	7.9 	7.7 	7.6 	8.0 	9.4 	9.3 	8.9 
PC,Y_GE15,F,FI1B	5.3 	4.7 	4.6 b	5.3 	6.0 	5.4 	6.0 	6.2 	6.5 	7.5 	7.2 	7.8 
PC,Y_GE15,F,FI1C	8.2 	7.0 	7.0 b	8.0 	8.4 	7.6 	6.5 	7.9 	9.2 	9.2 	8.9 	8.0 
PC,Y_GE15,F,FI1D	11.1 	10.6 	8.9 b	9.7 	9.1 	8.4 	8.5 	9.1 	9.1 	10.1 	9.7 	9.2 
PC,Y_GE15,F,FI20	: u	: u	: bu	: u	: u	: u	: u	: u	: u	: u	: u	: u
PC,Y_GE15,F,FR10	8.6 	7.7 	6.1 	7.3 	8.5 	7.9 	7.6 	8.2 	9.1 	8.4 	8.9 	8.7 
PC,Y_GE15,F,FRB0	6.5 	6.0 	6.2 	6.7 	6.7 	8.7 	10.7 	10.0 	9.8 	10.4 	10.2 	8.3 
PC,Y_GE15,F,FRC1	10.5 	7.6 	6.4 	7.8 	9.1 	9.6 	8.6 	10.9 	9.8 	8.7 	8.3 	10.2 
PC,Y_GE15,F,FRC2	8.8 	8.8 	9.4 	8.6 	8.1 	8.7 	9.1 	8.6 	8.7 	8.6 	8.0 	6.6 
PC,Y_GE15,F,FRD1	7.9 	7.6 	8.0 	7.4 	8.0 	9.1 	8.9 	8.5 	8.2 	8.4 	8.6 	8.4 
PC,Y_GE15,F,FRD2	9.1 	8.8 	9.8 	10.9 	10.5 	9.7 	9.9 	11.4 	12.4 	9.6 	10.7 	10.5 
PC,Y_GE15,F,FRE1	12.6 	11.1 	11.5 	12.9 	12.8 	13.0 	12.4 	14.3 	12.6 	13.1 	12.4 	11.6 
PC,Y_GE15,F,FRE2	11.5 	9.8 	7.9 	9.9 	11.5 	9.5 	10.9 	12.1 	11.8 	11.5 	11.3 	10.2 
PC,Y_GE15,F,FRF1	6.7 	6.3 	7.1 	8.4 	8.9 	8.2 	7.9 	10.3 	11.3 	8.7 	9.8 	8.7 
PC,Y_GE15,F,FRF2	7.9 	9.0 	8.8 	9.7 	9.2 	10.3 	10.6 	10.9 	11.0 	11.2 	11.1 	9.6 
PC,Y_GE15,F,FRF3	9.2 	7.7 	8.9 	10.7 	9.6 	10.2 	10.9 	12.1 	11.8 	11.4 	10.6 	10.5 
PC,Y_GE15,F,FRG0	7.8 	6.9 	6.8 	8.7 	9.3 	9.0 	9.1 	9.2 	8.7 	8.8 	8.9 	7.1 
PC,Y_GE15,F,FRH0	8.1 	7.5 	5.5 	6.8 	7.7 	7.1 	8.1 	8.5 	7.4 	7.3 	9.6 	7.7 
PC,Y_GE15,F,FRI1	9.8 	7.5 	8.3 	9.0 	9.2 	8.9 	9.6 	8.8 	8.0 	9.8 	10.3 	10.0 
PC,Y_GE15,F,FRI2	6.0 u	7.8 u	6.1 u	6.4 u	6.2 u	7.5 	7.3 	6.7 	8.8 	8.0 	6.9 	5.1 u
PC,Y_GE15,F,FRI3	8.9 	6.9 	7.4 	8.8 	6.4 	7.7 	9.0 	10.5 	11.3 	8.8 	8.6 	10.3 
PC,Y_GE15,F,FRJ1	11.0 	10.2 	9.5 	12.7 	11.7 	12.1 	14.9 	13.1 	12.5 	12.2 	11.5 	12.4 
PC,Y_GE15,F,FRJ2	9.5 	8.3 	6.9 	9.8 	7.8 	8.6 	8.7 	8.1 	9.0 	8.1 	8.5 	7.7 
PC,Y_GE15,F,FRK1	7.2 	8.9 	7.4 	7.8 	7.5 	9.0 	10.5 	9.9 	7.3 	8.0 	7.3 	8.3 
PC,Y_GE15,F,FRK2	8.6 	7.0 	6.8 	8.5 	8.7 	8.6 	8.1 	8.4 	8.4 	9.0 	8.0 	7.4 
PC,Y_GE15,F,FRL0	11.2 	9.7 	7.8 	9.0 	10.2 	10.5 	10.2 	11.0 	9.5 	11.1 	10.4 	9.8 
PC,Y_GE15,F,FRM0	: u	: u	: u	: u	: u	: u	: u	15.3 u	14.1 u	14.1 u	9.4 u	9.3 u
PC,Y_GE15,F,FRY1	29.1 	26.0 	25.5 	26.3 	26.0 	25.8 	25.2 	28.3 	25.6 	25.7 	25.3 	23.5 
PC,Y_GE15,F,FRY2	24.7 	21.6 	24.2 	23.0 	22.2 	22.5 	22.6 	22.8 	19.7 	17.3 	17.6 	19.9 
PC,Y_GE15,F,FRY3	32.7 	25.1 	28.8 	25.9 	24.9 	25.5 	26.1 	26.3 	28.3 	26.6 	25.2 u	24.8 u
PC,Y_GE15,F,FRY4	29.3 	25.8 	26.4 	29.0 	30.0 	31.8 	30.5 	29.7 	25.9 	25.0 	22.5 	22.8 
PC,Y_GE15,F,FRY5	: 	: 	: 	: 	: 	: 	: 	: 	28.9 	30.6 	32.6 	29.5 
PC,Y_GE15,F,HR03	: 	9.8 	11.4 	12.0 	12.4 	13.3 	14.0 	13.9 	17.7 	17.0 	14.1 	11.8 
PC,Y_GE15,F,HR04	: 	12.0 	9.9 	10.1 	12.3 	13.9 	16.9 	18.1 	18.6 	16.9 	13.6 	11.9 
PC,Y_GE15,F,HU10	5.5 	5.2 	5.2 	5.9 	8.3 	8.6 	8.2 	: 	: 	: 	: 	: 
PC,Y_GE15,F,HU11	: 	: 	: 	: 	: 	: 	: 	8.2 	7.0 	5.5 	3.7 	3.1 
PC,Y_GE15,F,HU12	: 	: 	: 	: 	: 	: 	: 	7.9 	6.2 	5.2 	3.5 	2.9 
PC,Y_GE15,F,HU21	6.4 	5.5 	6.1 	9.6 	10.9 	10.3 	10.3 	9.3 	5.7 	5.0 	3.2 	2.5 
PC,Y_GE15,F,HU22	6.5 	6.3 	6.2 	9.2 	8.6 	7.8 	7.2 	7.9 	5.1 	4.2 	3.1 	3.1 
PC,Y_GE15,F,HU23	9.5 	10.2 	9.4 	11.0 	11.3 	13.4 	12.5 	9.0 	7.1 	8.5 	5.8 	6.5 
PC,Y_GE15,F,HU31	11.1 	12.0 	12.3 	13.9 	14.5 	16.2 	15.3 	12.6 	10.3 	8.8 	6.5 	6.3 
PC,Y_GE15,F,HU32	11.6 	10.9 	12.4 	13.9 	14.0 	14.4 	14.4 	15.1 	12.3 	11.0 	9.0 	8.0 
PC,Y_GE15,F,HU33	8.7 	8.4 	8.8 	10.9 	10.7 	10.2 	10.3 	11.0 	8.7 	8.3 	6.0 	4.7 
PC,Y_GE15,F,IE01	5.2 	5.5 b	6.6 	10.0 	11.3 	13.1 	: 	: 	: 	: 	: 	: 
PC,Y_GE15,F,IE02	3.9 	4.7 b	5.4 	9.3 	11.4 	12.3 	: 	: 	: 	: 	: 	: 
PC,Y_GE15,F,IE04	: 	: 	: 	: 	: 	: 	13.2 	12.6 	10.6 	8.7 	7.5 	5.5 b
PC,Y_GE15,F,IE05	: 	: 	: 	: 	: 	: 	13.8 	12.9 	11.6 	9.5 	7.9 	6.5 b
PC,Y_GE15,F,IE06	: 	: 	: 	: 	: 	: 	11.9 	12.0 	10.5 	8.6 	7.5 	6.4 b
PC,Y_GE15,F,IS00	3.1 	2.3 	2.6 	5.7 	6.7 	6.2 	5.7 	5.1 	4.8 	4.1 	3.0 	2.7 
PC,Y_GE15,F,ITC1	5.1 	5.2 	6.4 	7.8 	8.3 	8.5 	10.5 	11.0 	12.1 	10.5 	10.0 	10.2 
PC,Y_GE15,F,ITC2	: u	: u	: u	: u	: u	: u	6.9 u	8.1 u	8.4 u	8.1 u	8.5 u	7.7 u
PC,Y_GE15,F,ITC3	6.7 	5.6 	7.1 	7.1 	7.5 	7.2 	10.2 	10.9 	11.7 	9.5 	11.5 	11.6 
PC,Y_GE15,F,ITC4	4.9 	4.5 	4.8 	6.3 	6.5 	6.6 	8.4 	8.7 	8.8 	8.7 	8.6 	7.7 
PC,Y_GE15,F,ITF1	9.5 	9.7 	8.8 	10.2 	11.3 	10.5 	13.0 	11.6 	14.8 	15.5 	15.2 	15.3 
PC,Y_GE15,F,ITF2	14.3 	10.8 	12.5 	11.0 	9.5 	11.6 	14.4 	15.5 	15.3 	14.7 	14.0 	14.3 
PC,Y_GE15,F,ITF3	17.8 	14.5 	16.7 	16.0 	17.2 	18.9 	22.3 	23.7 	25.3 	23.0 	23.6 	24.0 
PC,Y_GE15,F,ITF4	17.4 	15.5 	16.0 	16.2 	16.3 	16.9 	18.7 	23.2 	25.4 	21.8 	22.7 	22.2 
PC,Y_GE15,F,ITF5	15.2 	15.0 	15.0 	13.9 	15.6 	13.1 	14.4 	14.7 	16.1 	15.8 	15.3 	14.9 
PC,Y_GE15,F,ITF6	15.8 	14.4 	15.6 	13.7 	13.8 	13.4 	21.3 	23.7 	26.5 	23.7 	26.3 	24.2 
PC,Y_GE15,F,ITG1	17.6 	17.2 	17.1 	16.4 	17.1 	17.0 	20.5 	22.9 	24.1 	22.7 	24.0 	23.4 
PC,Y_GE15,F,ITG2	14.4 	14.1 	15.8 	16.0 	14.6 	14.6 	15.8 	16.9 	19.0 	18.2 	17.8 	17.1 
PC,Y_GE15,F,ITH1	3.6 	3.3 	3.0 	3.4 	3.2 	3.8 	4.8 	5.0 	4.3 	4.2 	4.1 	3.9 
PC,Y_GE15,F,ITH2	4.8 	4.4 	4.5 	4.6 	5.2 	5.0 	6.8 	7.9 	8.0 	7.3 	7.1 	5.7 
PC,Y_GE15,F,ITH3	6.6 	5.3 	5.1 	6.3 	7.4 	6.3 	7.7 	9.6 	9.8 	8.8 	8.3 	7.9 
PC,Y_GE15,F,ITH4	4.8 	4.7 	6.4 	6.3 	6.6 	6.5 	8.1 	9.2 	8.9 	9.7 	9.5 	8.1 
PC,Y_GE15,F,ITH5	4.4 	3.9 	4.2 	5.5 	6.9 	6.3 	7.8 	9.6 	9.5 	9.1 	8.0 	8.0 
PC,Y_GE15,F,ITI1	7.0 	6.3 	7.2 	7.8 	7.6 	7.7 	9.5 	10.1 	11.8 	9.7 	10.8 	9.4 
PC,Y_GE15,F,ITI2	8.1 	6.9 	6.8 	9.1 	8.5 	8.1 	11.2 	11.5 	12.6 	12.2 	10.6 	11.8 
PC,Y_GE15,F,ITI3	6.5 	5.9 	5.7 	7.3 	6.8 	8.5 	10.6 	12.5 	11.9 	11.1 	11.7 	12.4 
PC,Y_GE15,F,ITI4	9.6 	8.1 	9.6 	10.6 	10.4 	9.7 	11.9 	13.2 	13.2 	12.3 	11.6 	11.6 
PC,Y_GE15,F,LT00	5.6 	4.3 	5.6 	10.5 	14.5 	12.9 	11.6 	: 	: 	: 	: 	: 
PC,Y_GE15,F,LT01	: 	: 	: 	: 	: 	: 	: 	8.0 	6.5 	6.0 	4.8 	3.6 
PC,Y_GE15,F,LT02	: 	: 	: 	: 	: 	: 	: 	11.6 	10.4 	9.1 	7.5 	6.6 
PC,Y_GE15,F,LU00	6.2 	4.7 b	6.0 	6.1 b	5.1 	6.3 	5.9 	6.4 	5.8 	7.3 b	6.6 	5.5 
PC,Y_GE15,F,LV00	6.7 	5.6 	7.1 	14.1 	16.3 	13.8 	14.0 	11.1 	9.8 	8.6 	8.4 	7.7 
PC,Y_GE15,F,ME00	: 	: 	: 	: 	: 	20.1 	20.2 	18.8 	18.2 	17.3 	17.1 	16.9 
PC,Y_GE15,F,MK00	37.2 	35.5 	34.2 	32.8 	32.2 	30.8 	30.3 	29.0 	28.6 	25.1 	22.7 	21.8 
PC,Y_GE15,F,MT00	8.3 	7.9 	6.8 	7.6 	7.1 	7.1 	7.2 	6.1 	5.1 	5.4 	5.2 	4.3 
PC,Y_GE15,F,NL11	7.9 	9.7 	7.5 	7.6 	6.9 	7.0 	8.0 	8.2 	7.8 	7.9 	7.7 	7.4 
PC,Y_GE15,F,NL12	6.1 	5.0 	4.5 	5.3 	6.0 	5.8 	6.2 	8.7 	7.7 	7.6 	6.2 	6.2 
PC,Y_GE15,F,NL13	7.0 	5.9 	5.2 	4.8 	5.4 	6.4 	7.5 	7.2 	7.4 	7.5 	7.7 	5.8 
PC,Y_GE15,F,NL21	6.2 	5.1 	4.5 	4.5 	5.6 	5.5 	5.9 	7.1 	7.1 	7.1 	7.1 	5.6 
PC,Y_GE15,F,NL22	4.9 	4.3 	4.2 	4.4 	5.1 	4.9 	6.0 	6.3 	7.0 	6.7 	6.1 	5.0 
PC,Y_GE15,F,NL23	9.5 	7.0 	5.0 	5.1 	6.2 	5.9 	7.9 	11.4 	12.2 	9.2 	8.4 	6.3 
PC,Y_GE15,F,NL31	5.0 	4.3 	3.5 	4.5 	4.7 	4.7 	5.9 	6.2 	6.4 	6.9 	5.1 	4.8 
PC,Y_GE15,F,NL32	6.0 	4.8 	4.3 	4.7 	5.2 	5.3 	5.7 	7.1 	7.4 	6.5 	6.0 	4.6 
PC,Y_GE15,F,NL33	6.9 	5.5 	4.7 	5.4 	6.1 	5.7 	7.2 	8.2 	9.2 	8.6 	7.5 	6.0 
PC,Y_GE15,F,NL34	4.9 	3.3 	3.1 	2.9 u	3.7 	4.0 	4.3 	4.9 	4.4 	5.3 	4.8 	3.2 
PC,Y_GE15,F,NL41	5.3 	4.7 	4.1 	4.6 	5.4 	5.3 	5.7 	6.8 	7.6 	7.2 	6.1 	4.5 
PC,Y_GE15,F,NL42	7.6 	6.6 	5.2 	5.4 	6.1 	5.6 	5.4 	7.4 	7.7 	6.3 	6.3 	5.2 
PC,Y_GE15,F,NO01	3.1 b	2.2 	2.6 	3.0 	3.3 	3.0 	2.4 	3.9 	3.5 	4.6 	4.1 	4.1 
PC,Y_GE15,F,NO02	3.4 b	2.1 u	2.4 	2.1 u	1.9 u	2.4 	2.2 	2.8 	2.4 	4.1 	3.3 	3.0 
PC,Y_GE15,F,NO03	4.2 b	2.7 	2.5 	2.5 	3.3 	3.5 	3.2 	3.5 	3.7 	4.2 	4.7 	3.8 
PC,Y_GE15,F,NO04	3.3 b	2.2 	1.7 	1.7 	2.0 	2.3 	2.8 	2.9 	2.7 	4.2 	4.6 	4.6 
PC,Y_GE15,F,NO05	3.1 b	2.5 	2.0 	2.3 	3.0 	3.1 	2.5 	2.9 	3.0 	3.7 	3.5 	3.1 
PC,Y_GE15,F,NO06	3.2 b	3.0 	3.6 	3.4 	3.3 	3.5 	2.6 	2.5 	3.5 	3.5 	3.8 	3.4 
PC,Y_GE15,F,NO07	2.9 b	2.5 	2.1 	3.4 	3.3 	2.8 	2.4 	3.0 	3.4 	2.4 	2.2 	3.1 
PC,Y_GE15,F,PL21	12.5 	9.5 	7.2 	8.3 	9.8 b	10.2 	11.7 	11.6 	9.8 	7.4 	5.6 b	3.4 
PC,Y_GE15,F,PL22	17.0 	8.9 	7.5 	7.8 	10.5 b	10.9 	10.7 	11.1 	9.4 	7.4 	5.6 b	4.0 
PC,Y_GE15,F,PL41	15.6 	10.3 	8.0 	9.5 	10.1 b	10.5 	10.9 	11.4 	9.4 	6.7 	5.3 b	3.2 
PC,Y_GE15,F,PL42	18.0 	12.5 	10.2 	10.8 	11.5 b	11.7 	10.6 	9.5 	7.9 	7.5 	7.3 b	4.3 u
PC,Y_GE15,F,PL43	14.8 	10.4 	7.3 u	9.3 	10.8 b	9.8 	9.9 	10.7 	9.2 	6.6 u	5.0 bu	3.5 u
PC,Y_GE15,F,PL51	17.8 	14.1 	10.3 	10.3 	11.4 b	10.5 	11.6 	12.2 	9.5 	7.3 	5.7 b	5.5 
PC,Y_GE15,F,PL52	15.1 	10.5 	7.3 u	10.7 	10.5 b	10.4 	10.5 	10.5 	9.0 	7.3 u	5.4 bu	5.0 u
PC,Y_GE15,F,PL61	18.1 	12.8 	10.2 	10.6 	11.8 b	13.0 	13.8 	14.3 	12.5 	8.9 	7.8 b	5.3 
PC,Y_GE15,F,PL62	19.1 	12.2 	9.0 	10.0 	10.7 b	11.6 	12.3 	12.3 	10.0 	10.5 	8.8 b	7.9 
PC,Y_GE15,F,PL63	14.7 	9.4 	6.7 	6.8 	9.5 b	9.1 	10.6 	10.2 	8.5 	6.2 	6.1 b	4.4 
PC,Y_GE15,F,PL71	13.5 	9.2 	7.5 	8.1 	9.6 b	9.7 	11.3 	11.7 	9.2 	7.7 	5.5 b	4.3 
PC,Y_GE15,F,PL72	15.5 	12.2 	8.8 	10.0 	11.9 b	13.9 	13.7 	13.5 	10.6 	9.8 	8.8 b	6.7 
PC,Y_GE15,F,PL81	13.1 	9.4 	8.8 	9.2 	9.4 b	10.1 	10.4 	10.6 	10.6 	9.5 	7.5 b	6.7 
PC,Y_GE15,F,PL82	14.8 	9.9 	9.0 	11.0 	12.2 b	13.6 	14.0 	14.5 	14.6 	12.4 	9.4 b	9.2 
PC,Y_GE15,F,PL84	12.0 	9.0 	6.6 	7.1 	9.5 b	9.5 	9.7 	10.1 	9.6 	6.8 	6.8 b	5.3 u
PC,Y_GE15,F,PL91	: 	: 	: 	: 	: 	: 	: 	6.0 	6.1 	4.9 	3.8 b	3.3 
PC,Y_GE15,F,PL92	: 	: 	: 	: 	: 	: 	: 	11.3 	10.0 	7.9 	6.9 b	6.7 
PC,Y_GE15,F,PT11	10.8 	11.9 	9.9 	12.2 	14.7 	14.4 b	16.8 	18.0 	16.1 	14.3 	12.6 	10.7 
PC,Y_GE15,F,PT15	6.8 	7.2 	9.0 	11.6 	13.6 	14.8 b	16.9 	15.8 	14.0 	11.6 	8.4 	6.9 
PC,Y_GE15,F,PT16	6.7 	7.5 	6.9 	7.1 	8.5 	10.9 b	12.7 	11.8 	11.0 	9.8 	8.9 	7.4 
PC,Y_GE15,F,PT17	8.8 	8.6 	8.4 	9.9 	11.4 	12.9 b	15.8 	17.9 	14.7 	13.0 	11.2 	9.7 
PC,Y_GE15,F,PT18	10.4 	10.9 	11.6 	11.9 	13.5 	13.4 b	16.7 	18.1 	14.3 	14.4 	13.1 	8.9 
PC,Y_GE15,F,PT20	: u	: u	: u	: u	: u	10.8 b	13.5 	13.7 	16.5 	10.8 	9.8 	8.2 
PC,Y_GE15,F,PT30	: u	: u	: u	: u	: u	12.0 b	14.8 	16.6 	14.1 	14.0 	11.9 	10.5 
PC,Y_GE15,F,RO11	5.9 	3.6 	2.8 	5.1 	6.1 b	4.9 	4.4 	4.2 	3.9 	4.5 	3.5 	3.2 
PC,Y_GE15,F,RO12	8.0 	7.0 	7.0 	8.8 	9.7 b	10.1 	9.1 	8.8 	9.4 	6.9 	4.1 	3.1 
PC,Y_GE15,F,RO21	4.1 	3.9 	3.5 	5.0 	5.0 b	4.3 	3.4 	3.9 	3.3 	3.3 	2.8 	2.3 
PC,Y_GE15,F,RO22	8.2 	8.2 	6.1 	6.7 	7.5 b	8.7 	8.4 	8.1 	9.4 	8.2 	6.5 	5.2 
PC,Y_GE15,F,RO31	8.0 	7.3 	6.5 	8.0 	7.4 b	9.8 	9.1 	8.8 	8.1 	9.3 	9.1 	6.3 
PC,Y_GE15,F,RO32	4.5 	3.4 	2.5 	3.6 	4.1 b	5.3 	5.9 	7.2 	7.0 	4.2 	3.8 	3.2 
PC,Y_GE15,F,RO41	5.3 	5.5 	4.6 	4.7 	4.9 b	4.3 	4.0 	4.9 	4.7 	6.7 	7.3 	6.9 
PC,Y_GE15,F,RO42	5.2 	4.8 	4.5 	4.5 	5.5 b	5.2 	5.5 	5.4 	4.1 	5.0 	3.6 u	2.8 u
PC,Y_GE15,F,RS11	: 	: 	: 	: 	: 	: 	: 	18.0 	17.3 b	19.2 	15.4 	13.0 
PC,Y_GE15,F,RS12	: 	: 	: 	: 	: 	: 	: 	25.3 	19.3 b	16.5 	15.9 	12.9 
PC,Y_GE15,F,RS21	: 	: 	: 	: 	: 	: 	: 	25.1 	20.7 b	18.6 	16.1 	15.0 
PC,Y_GE15,F,RS22	: 	: 	: 	: 	: 	: 	: 	26.4 	25.0 b	21.1 	17.4 	16.7 
PC,Y_GE15,F,SE11	5.9 	5.9 	5.3 	6.5 	7.5 	6.7 	6.8 	6.9 	7.2 	7.3 	6.7 	6.5 
PC,Y_GE15,F,SE12	7.5 	7.0 	7.8 	9.4 	10.0 	8.6 	8.4 	8.7 	8.3 	7.8 	7.4 	7.4 
PC,Y_GE15,F,SE21	6.2 	5.5 	5.4 	7.1 	7.8 	7.3 	7.5 	7.0 	6.4 	5.7 	6.3 	5.5 
PC,Y_GE15,F,SE22	9.2 	7.6 	8.3 	8.6 	8.8 	9.1 	9.2 	9.5 	9.2 	9.1 	7.1 	7.4 
PC,Y_GE15,F,SE23	7.3 	6.2 	6.0 	8.3 	8.3 	7.3 	7.2 	7.9 	7.6 	6.6 	5.8 	5.7 
PC,Y_GE15,F,SE31	7.7 	6.6 	7.5 	9.0 	9.0 	8.5 	8.4 	9.0 	8.3 	7.0 	6.7 	6.5 
PC,Y_GE15,F,SE32	7.0 	6.9 	6.9 	7.4 	10.0 	8.1 	7.0 	6.3 	7.2 	7.2 	6.7 	5.7 
PC,Y_GE15,F,SE33	7.9 	5.9 	5.9 	7.9 	8.3 	6.9 	6.8 	6.0 	6.4 	6.4 	5.0 	4.8 
PC,Y_GE15,F,SI01	9.0 	7.1 	6.2 	7.4 	: 	: 	: 	: 	: 	: 	: 	: 
PC,Y_GE15,F,SI02	5.2 	4.4 	3.3 	4.0 	: 	: 	: 	: 	: 	: 	: 	: 
PC,Y_GE15,F,SI03	: 	: 	: 	: 	8.0 	9.6 	10.6 	12.4 	12.5 	11.9 	10.2 	8.2 
PC,Y_GE15,F,SI04	: 	: 	: 	: 	5.9 	6.5 	8.0 	9.2 	8.4 	8.0 	6.8 	6.6 
PC,Y_GE15,F,SK01	4.4 	4.9 	3.4 	3.8 	5.1 	5.0 b	5.8 	6.5 	6.4 	6.2 	6.6 	3.5 
PC,Y_GE15,F,SK02	11.1 	9.2 	8.5 	11.5 	13.9 	11.9 b	13.0 	13.2 	11.6 	11.4 	8.8 	6.2 
PC,Y_GE15,F,SK03	19.1 	18.6 	14.1 	15.4 	16.8 	15.3 b	15.5 	16.0 	16.1 	13.9 	11.0 	9.7 
PC,Y_GE15,F,SK04	20.7 	15.9 	15.3 	17.0 	18.3 	18.6 b	19.9 	18.6 	17.3 	17.0 	15.1 	12.6 
PC,Y_GE15,F,TR10	12.6 	11.8 	11.9 	18.9 	16.5 	14.5 	13.6 	13.9 	15.6 b	17.0 	17.2 	18.4 
PC,Y_GE15,F,TR21	9.7 	8.5 	13.0 	15.5 	10.7 	12.6 	9.9 	9.6 	11.4 b	11.1 	11.9 	13.1 
PC,Y_GE15,F,TR22	5.4 	6.5 	7.4 	8.2 	6.2 	5.1 	5.8 	6.7 	6.4 b	6.6 	10.0 	9.1 
PC,Y_GE15,F,TR31	11.8 	11.7 	13.2 	16.9 	18.0 	19.7 	18.8 	20.8 	19.9 b	20.4 	19.0 	18.7 
PC,Y_GE15,F,TR32	6.1 	9.6 	11.1 	16.3 	12.3 	8.9 	7.9 	7.5 	8.0 b	8.1 	8.6 	9.5 
PC,Y_GE15,F,TR33	6.2 	4.6 	6.6 	8.5 	6.6 	4.4 	3.9 	6.1 	5.2 b	4.5 	7.5 	8.4 
PC,Y_GE15,F,TR41	9.1 	7.2 	12.2 	15.0 	10.5 	9.3 	9.6 	8.7 	8.8 b	10.3 	11.8 	12.3 
PC,Y_GE15,F,TR42	13.6 	13.0 	12.1 	15.1 	13.7 	13.4 	11.6 	12.4 	13.6 b	13.6 	14.8 	14.9 
PC,Y_GE15,F,TR51	16.3 	15.9 	14.9 	14.6 	14.1 	10.8 	12.1 	14.6 	16.9 b	17.3 	16.4 	15.4 
PC,Y_GE15,F,TR52	14.3 	12.4 	11.9 	9.5 	7.8 	6.8 	6.5 	4.4 	7.2 b	9.3 	8.9 	6.8 
PC,Y_GE15,F,TR61	6.0 	6.1 	9.9 	11.6 	11.1 	10.7 	9.2 	9.0 	11.4 b	12.7 	15.7 	15.7 
PC,Y_GE15,F,TR62	18.0 	17.5 	17.7 	23.2 	17.0 	11.6 	11.2 	15.0 	13.9 b	13.5 	13.0 	14.4 
PC,Y_GE15,F,TR63	8.1 	6.1 	12.5 	11.4 	9.4 	8.6 	7.7 	10.0 	18.1 b	22.1 	19.8 	15.4 
PC,Y_GE15,F,TR71	9.2 	6.6 	5.6 	8.7 	7.5 	6.9 	5.5 	5.9 	7.0 b	13.4 	19.9 	18.4 
PC,Y_GE15,F,TR72	14.3 	13.7 	10.6 	11.3 	16.9 	10.8 	6.6 	9.5 	11.8 b	12.3 	11.3 	17.7 
PC,Y_GE15,F,TR81	3.4 	4.5 	3.6 	5.0 	8.6 	6.7 	7.3 	8.0 	6.4 b	8.9 	11.1 	8.3 
PC,Y_GE15,F,TR82	4.1 	2.9 	4.5 	9.4 	9.7 	6.0 	5.0 	7.5 	8.2 b	8.2 	6.7 	5.8 
PC,Y_GE15,F,TR83	4.4 	6.5 	4.9 	4.9 	5.6 	5.2 	5.8 	6.6 	6.4 b	7.6 	9.5 	8.6 
PC,Y_GE15,F,TR90	3.4 	3.3 	4.0 	3.3 	3.1 	3.9 	3.0 	4.6 	6.1 b	4.5 	4.4 	3.9 
PC,Y_GE15,F,TRA1	1.1 u	2.5 u	2.5 	2.6 	2.9 	2.5 	3.1 	4.1 	4.9 b	2.8 	3.2 	5.1 
PC,Y_GE15,F,TRA2	1.9 u	1.9 u	0.7 u	2.0 u	2.5 u	2.7 	2.2 	4.0 	1.2 bu	3.3 	5.3 	4.8 
PC,Y_GE15,F,TRB1	8.3 	9.4 	13.2 	11.4 	9.6 	7.3 	5.5 	5.1 	9.6 b	9.1 	11.4 	11.1 
PC,Y_GE15,F,TRB2	2.4 u	5.9 	6.9 	6.4 	11.3 	7.7 	3.6 	3.6 	6.6 b	3.6 	4.6 	9.8 
PC,Y_GE15,F,TRC1	4.6 	8.7 	5.2 	7.9 	8.8 	11.4 	9.0 	6.3 	7.9 b	10.4 	19.2 	17.5 
PC,Y_GE15,F,TRC2	4.4 u	6.6 	3.4 u	7.6 	2.5 u	1.9 u	: u	10.9 	10.5 b	11.6 	12.2 	11.2 
PC,Y_GE15,F,TRC3	15.3 	20.5 	10.5 u	9.6 	6.1 	8.6 	16.1 	17.5 	24.5 b	25.2 	32.9 	36.2 
PC,Y_GE15,F,UKC1	4.5 	3.6 bu	7.3 b	7.4 	8.0 	10.8 	10.7 	10.9 	10.6 	8.2 	6.9 	4.3 
PC,Y_GE15,F,UKC2	5.7 	5.7 b	6.3 b	6.9 	8.1 	9.1 	6.8 	8.2 	7.7 	6.7 	6.2 	5.5 
PC,Y_GE15,F,UKD1	4.3 u	3.7 bu	: bu	5.5 u	6.0 u	6.4 u	6.0 u	4.4 u	4.0 u	4.1 u	: u	: u
PC,Y_GE15,F,UKD3	4.8 	4.7 b	6.7 b	8.2 	8.0 	8.3 	8.5 	7.9 	7.4 	6.5 	5.6 	3.7 
PC,Y_GE15,F,UKD4	4.3 	5.5 b	4.5 b	5.4 	4.8 	5.8 	6.0 	7.3 	5.4 	5.2 	3.2 	3.6 
PC,Y_GE15,F,UKD6	2.8 u	2.2 bu	3.6 bu	6.6 	5.2 	5.3 	5.5 	5.4 	3.6 u	4.2 u	3.9 u	3.0 u
PC,Y_GE15,F,UKD7	5.4 	6.5 b	7.1 b	5.8 	7.6 	9.1 	8.7 	7.6 	6.6 	4.6 	4.2 	5.0 
PC,Y_GE15,F,UKE1	5.6 	4.7 bu	4.7 bu	7.0 	7.4 	7.4 	8.1 	8.3 	8.7 	7.3 	5.4 	3.8 u
PC,Y_GE15,F,UKE2	2.3 u	3.3 bu	: bu	4.2 u	5.5 	6.5 	4.0 u	2.9 u	4.6 u	2.1 u	3.1 u	3.7 u
PC,Y_GE15,F,UKE3	6.2 	4.0 b	6.9 b	7.6 	7.2 	8.9 	8.8 	10.6 	9.9 	6.6 	6.0 	5.3 
PC,Y_GE15,F,UKE4	4.8 	5.3 b	5.9 b	7.6 	8.3 	7.7 	8.7 	7.9 	6.5 	5.6 	5.2 	4.1 
PC,Y_GE15,F,UKF1	5.2 	6.1 b	5.0 b	5.6 	8.3 	9.1 	8.0 	6.4 	4.7 	4.4 	4.2 	3.6 
PC,Y_GE15,F,UKF2	4.6 	4.5 b	5.3 b	6.3 	6.8 	8.1 	7.7 	8.0 	6.0 	4.3 	4.9 	4.6 
PC,Y_GE15,F,UKF3	5.1 u	5.8 bu	7.3 b	6.5 	4.6 u	5.9 u	7.4 	5.6 u	4.2 u	4.9 u	5.4 u	3.4 u
PC,Y_GE15,F,UKG1	3.7 	4.3 b	4.2 b	5.3 	4.9 	5.4 	4.0 	4.2 	4.6 	3.7 	4.0 	3.0 u
PC,Y_GE15,F,UKG2	4.1 	4.8 b	3.8 b	5.7 	6.6 	7.1 	6.3 	5.5 	4.9 	4.6 	3.8 	5.6 
PC,Y_GE15,F,UKG3	7.3 	7.4 b	7.5 b	9.9 	9.6 	10.4 	11.3 	12.9 	8.5 	7.2 	8.0 	7.0 
PC,Y_GE15,F,UKH1	4.7 	4.6 b	4.3 b	5.3 	5.7 	5.6 	5.8 	5.3 	4.6 	4.5 	3.8 	3.5 
PC,Y_GE15,F,UKH2	4.5 	4.6 b	4.2 b	4.7 	6.1 	6.9 	6.6 	6.1 	3.4 	2.7 	4.1 	3.5 
PC,Y_GE15,F,UKH3	4.7 	5.3 b	4.7 b	7.3 	6.7 	6.3 	7.2 	6.4 	6.2 	4.3 	4.4 	4.2 
PC,Y_GE15,F,UKI1	8.8 	8.0 b	8.3 b	9.8 	: 	: 	: 	: 	: 	: 	: 	: 
PC,Y_GE15,F,UKI2	7.0 	6.0 b	6.5 b	8.5 	: 	: 	: 	: 	: 	: 	: 	: 
PC,Y_GE15,F,UKI3	: 	: 	: 	: 	8.6 	8.5 	5.4 	6.3 	5.8 	5.6 	5.3 	7.3 
PC,Y_GE15,F,UKI4	: 	: 	: 	: 	11.2 	11.9 	10.5 	10.1 	8.0 	7.2 	8.6 	5.5 
PC,Y_GE15,F,UKI5	: 	: 	: 	: 	10.0 	10.9 	10.1 	9.8 	9.1 	9.2 	5.7 	6.3 
PC,Y_GE15,F,UKI6	: 	: 	: 	: 	6.4 	8.3 	6.8 	7.3 	6.8 	5.4 	4.2 	4.4 
PC,Y_GE15,F,UKI7	: 	: 	: 	: 	8.1 	7.9 	10.5 	8.9 	6.2 	5.2 	5.0 	5.1 
PC,Y_GE15,F,UKJ1	3.8 	3.9 b	3.9 b	4.6 	5.5 	5.7 	6.3 	4.6 	4.7 	3.7 	2.9 	2.9 
PC,Y_GE15,F,UKJ2	4.1 	4.0 b	4.2 b	4.9 	5.3 	5.0 	6.2 	5.5 	4.9 	3.6 	3.6 	3.3 
PC,Y_GE15,F,UKJ3	4.2 	3.7 b	3.5 b	5.3 	5.1 	5.0 	6.3 	5.4 	4.2 	3.8 	4.3 	3.3 
PC,Y_GE15,F,UKJ4	5.3 	5.4 b	5.1 b	5.4 	5.9 	8.4 	7.9 	6.9 	5.7 	6.2 	4.1 	3.9 
PC,Y_GE15,F,UKK1	3.2 	3.6 b	3.4 b	4.8 	5.2 	5.7 	5.4 	5.7 	4.5 	3.9 	3.2 	4.2 
PC,Y_GE15,F,UKK2	3.6 u	3.5 bu	3.7 b	5.2 	5.0 	6.2 	4.2 	4.9 	3.1 u	4.3 	4.7 	2.8 u
PC,Y_GE15,F,UKK3	4.2 u	4.0 bu	5.9 bu	4.9 u	9.0 	5.5 u	3.7 u	4.9 u	: u	3.9 u	3.4 u	: u
PC,Y_GE15,F,UKK4	4.4 	4.4 b	3.1 bu	5.9 	5.3 	5.0 	6.2 	6.2 	5.2 	4.7 	3.6 u	4.6 
PC,Y_GE15,F,UKL1	4.4 	5.6 b	5.2 b	6.7 	7.3 	7.7 	8.5 	7.1 	5.6 	5.8 	4.3 	4.5 
PC,Y_GE15,F,UKL2	4.6 	4.9 b	4.9 b	5.7 	6.6 	4.7 	7.9 	7.3 	5.6 	2.8 u	2.9 u	3.8 
PC,Y_GE15,F,UKM2	5.4 	5.4 b	4.4 b	6.5 	7.0 	5.3 	7.6 	: 	: 	: 	: 	: 
PC,Y_GE15,F,UKM3	4.8 	4.7 b	4.7 b	5.4 	7.9 	9.0 	8.1 	: 	: 	: 	: 	: 
PC,Y_GE15,F,UKM5	: u	3.8 bu	: bu	4.4 u	4.0 u	5.0 u	5.0 u	5.6 u	4.7 u	3.0 u	5.0 u	3.9 u
PC,Y_GE15,F,UKM6	: u	: bu	: bu	4.9 u	5.6 u	6.7 	5.5 u	: u	: u	: u	: u	: u
PC,Y_GE15,F,UKM7	: 	: 	: 	: 	: 	: 	: 	7.1 	5.0 	5.6 	3.9 	3.1 
PC,Y_GE15,F,UKM8	: 	: 	: 	: 	: 	: 	: 	7.4 	6.5 	6.0 	4.9 	4.4 
PC,Y_GE15,F,UKM9	: 	: 	: 	: 	: 	: 	: 	7.4 	4.4 	5.0 	4.9 	4.1 u
PC,Y_GE15,F,UKN0	3.3 	3.4 b	2.7 b	4.2 	4.5 	5.2 	5.2 	5.2 	4.8 	5.1 	4.4 	3.2 
PC,Y_GE15,M,AT11	4.5 u	: bu	: u	4.6 u	: u	: u	4.3 u	4.1 u	4.8 u	4.7 u	5.6 u	4.7 u
PC,Y_GE15,M,AT12	4.2 	3.6 b	3.2 	4.8 	4.1 	4.5 	4.5 	4.8 	5.2 	5.5 	5.7 	5.3 
PC,Y_GE15,M,AT13	10.5 	9.7 b	7.7 	9.8 	9.2 	8.6 	9.9 	9.8 	11.2 	12.2 	12.8 	11.7 
PC,Y_GE15,M,AT21	3.8 u	3.5 bu	3.0 u	4.5 	4.2 	4.0 u	4.9 	5.3 	6.1 	6.2 	4.9 	4.8 
PC,Y_GE15,M,AT22	3.7 	3.7 b	3.7 	5.3 	4.3 	3.6 	3.7 	4.5 	4.9 	4.7 	5.1 	4.9 
PC,Y_GE15,M,AT31	3.1 	2.5 b	2.3 	4.0 	4.0 	3.2 	3.3 	4.3 	3.8 	4.2 	4.6 	4.2 
PC,Y_GE15,M,AT32	3.1 u	3.4 bu	2.5 u	3.4 u	2.7 u	2.6 u	2.9 u	3.5 u	3.7 u	3.6 u	3.9 u	3.4 u
PC,Y_GE15,M,AT33	2.8 u	2.4 bu	2.3 u	3.2 	3.4 	2.6 u	2.5 u	2.9 u	3.6 	3.0 	3.6 	2.7 u
PC,Y_GE15,M,AT34	4.0 u	3.1 bu	3.6 u	5.5 u	4.4 u	3.3 u	3.5 u	3.7 u	3.5 u	3.3 u	3.3 u	3.8 u
PC,Y_GE15,M,BE10	17.1 	17.1 	15.4 	15.8 	16.8 	18.1 b	17.9 	21.0 	20.1 	18.5 	17.4 	14.9 b
PC,Y_GE15,M,BE21	5.3 	4.5 	4.5 	5.5 	6.3 	5.9 b	5.6 	6.2 	6.0 	6.5 	6.4 	5.2 b
PC,Y_GE15,M,BE22	4.3 	3.6 	3.7 	5.4 	5.4 	4.0 b	4.2 	5.6 	5.9 	7.1 	4.5 	3.7 b
PC,Y_GE15,M,BE23	4.1 	4.3 	3.4 	4.1 	5.7 	3.6 b	3.8 	4.0 	4.3 	4.8 	4.3 	3.3 b
PC,Y_GE15,M,BE24	3.6 	3.4 	4.4 	5.2 	4.7 	3.2 b	4.6 	5.1 	5.1 	5.3 	5.2 	4.3 b
PC,Y_GE15,M,BE25	3.7 	2.5 	2.3 	4.5 	3.2 	3.3 b	3.9 	4.1 	4.2 	4.9 	3.9 	2.9 b
PC,Y_GE15,M,BE31	6.6 	6.2 	6.2 	6.6 	7.7 	6.3 b	6.2 	8.6 	8.5 	7.9 	7.6 	8.4 b
PC,Y_GE15,M,BE32	12.5 	10.3 	9.9 	12.3 	12.9 	10.7 b	11.9 	13.5 	16.1 	14.4 	12.3 	11.9 b
PC,Y_GE15,M,BE33	10.1 	9.6 	9.7 	11.6 	11.5 	9.4 b	11.5 	11.3 	13.2 	13.1 	11.4 	11.4 b
PC,Y_GE15,M,BE34	6.5 u	5.8 u	6.4 u	7.0 u	7.1 u	5.0 bu	7.7 	7.5 	7.7 	8.5 	6.8 u	6.9 bu
PC,Y_GE15,M,BE35	9.9 	7.4 	7.7 	9.1 	8.6 	8.0 b	7.0 	10.1 	8.5 	11.2 	9.8 	8.3 b
PC,Y_GE15,M,BG31	10.6 	8.7 	7.6 b	8.3 	12.4 b	14.0 b	13.3 	16.0 	16.6 	13.5 	10.7 	12.0 
PC,Y_GE15,M,BG32	12.8 	11.2 	8.7 b	8.5 	12.8 b	13.8 b	16.7 	16.5 	14.5 	11.2 	10.1 	7.7 
PC,Y_GE15,M,BG33	9.7 	9.1 	7.4 b	10.6 	14.9 b	16.1 b	19.1 	17.1 	13.0 	9.7 	9.3 	8.3 
PC,Y_GE15,M,BG34	7.5 	6.2 	5.6 b	6.2 	10.6 b	12.2 b	12.6 	13.0 	11.7 	10.6 	7.9 	7.2 
PC,Y_GE15,M,BG41	6.8 	3.9 	2.9 b	4.3 	7.2 b	8.6 b	9.0 	10.9 	10.1 	7.9 	6.3 	3.4 
PC,Y_GE15,M,BG42	7.9 	4.9 	4.9 b	7.6 	12.2 b	13.8 b	15.7 	14.6 	12.4 	9.6 	8.0 	5.7 
PC,Y_GE15,M,CH01	4.4 	4.0 	4.3 	5.9 	6.7 b	6.4 	7.3 	7.2 	7.2 	7.5 	7.7 	7.5 
PC,Y_GE15,M,CH02	3.1 	3.0 	2.8 	3.1 	4.3 b	3.4 	3.4 	3.9 	4.2 	4.5 	4.6 	3.6 
PC,Y_GE15,M,CH03	3.5 	2.5 	2.3 	4.1 	4.5 b	4.4 	4.6 	4.4 	5.0 	4.3 	4.6 	4.4 
PC,Y_GE15,M,CH04	3.4 	2.9 	2.8 	3.6 	3.9 b	4.0 	3.3 	4.6 	4.4 	4.0 	3.8 	4.7 
PC,Y_GE15,M,CH05	3.2 	1.9 u	1.9 u	3.0 	3.6 b	2.8 	3.4 	3.5 	3.0 	3.5 	3.9 	4.0 
PC,Y_GE15,M,CH06	2.0 u	2.3 u	1.7 u	2.0 u	2.8 b	2.5 	2.5 	2.4 	3.1 	3.1 	3.5 	2.1 
PC,Y_GE15,M,CH07	4.6 u	4.8 u	4.3 u	4.8 u	5.9 b	5.6 	6.8 	7.3 	6.4 	6.4 	6.5 	5.3 
PC,Y_GE15,M,CY00	3.9 	3.4 	3.2 	5.3 b	6.1 	8.1 	12.5 	16.5 	17.0 	15.0 	12.6 	10.9 
PC,Y_GE15,M,CZ01	2.9 	2.1 	1.6 	3.0 	3.5 	3.4 b	2.9 	3.2 	2.3 	2.4 	2.4 	1.4 
PC,Y_GE15,M,CZ02	3.4 	2.9 	2.3 	3.9 	4.4 	4.3 b	3.8 	4.6 	4.4 	2.9 	2.4 	1.6 
PC,Y_GE15,M,CZ03	3.8 	2.4 	2.1 	4.6 	4.8 	4.5 b	4.2 	3.9 	4.0 	3.0 	2.4 	1.6 
PC,Y_GE15,M,CZ04	10.5 	8.0 	7.2 	8.7 	9.3 	8.6 b	9.0 	8.1 	7.4 	6.2 	4.8 	2.8 
PC,Y_GE15,M,CZ05	4.8 	3.6 	3.0 	6.2 	5.8 	5.6 b	7.0 	6.7 	4.9 	4.3 	3.6 	2.1 
PC,Y_GE15,M,CZ06	5.8 	4.1 	3.0 	5.7 	7.0 	6.0 b	6.6 	5.7 	5.2 	4.1 	2.9 	2.3 
PC,Y_GE15,M,CZ07	5.6 	4.8 	4.0 	6.4 	7.3 	6.5 b	6.4 	7.4 	5.8 	4.3 	3.7 	3.3 
PC,Y_GE15,M,CZ08	10.1 	6.3 	5.1 	8.8 	9.6 	7.8 b	8.5 	8.0 	7.4 	7.2 	5.3 	3.9 
PC,Y_GE15,M,DE11	6.2 	4.9 	3.7 	5.0 	4.8 b	3.5 b	3.2 	3.6 	3.3 	3.4 	3.4 	3.0 
PC,Y_GE15,M,DE12	7.1 	4.9 	4.6 	5.9 	5.2 b	4.2 b	4.2 	3.7 	3.8 	3.4 	3.0 	3.3 
PC,Y_GE15,M,DE13	5.2 	3.7 	3.3 	4.7 	3.9 b	3.1 b	3.0 	2.9 	3.1 	2.8 	3.0 	3.1 
PC,Y_GE15,M,DE14	5.4 	4.1 	3.1 	4.9 	4.7 b	2.8 b	2.4 	2.7 	2.8 	3.2 	2.7 	2.3 
PC,Y_GE15,M,DE21	5.2 	4.1 	3.2 	4.5 	3.8 b	2.6 b	2.6 	2.5 	2.6 	2.9 	2.4 	2.4 
PC,Y_GE15,M,DE22	5.8 	4.5 	3.3 	5.0 	4.0 b	2.6 b	3.2 	3.0 	2.7 	2.5 	2.2 	2.4 
PC,Y_GE15,M,DE23	6.6 	4.8 	4.2 	4.9 	3.9 b	3.7 b	3.0 	3.0 	3.1 	2.8 	2.8 	2.5 
PC,Y_GE15,M,DE24	9.3 	7.2 	5.6 	6.6 	5.6 b	4.2 b	3.6 	4.2 	4.0 	3.9 	3.6 	3.1 
PC,Y_GE15,M,DE25	7.6 	6.3 	5.5 	6.1 	5.5 b	4.1 b	3.5 	3.1 	3.0 	3.0 	2.8 	2.0 
PC,Y_GE15,M,DE26	5.7 	5.1 	3.8 	5.5 	5.0 b	3.0 b	2.9 	3.0 	2.5 	3.0 	2.5 	2.4 
PC,Y_GE15,M,DE27	5.6 	4.5 	3.5 	4.7 	3.7 b	2.8 b	2.8 	3.0 	2.8 	2.7 	2.4 	2.1 
PC,Y_GE15,M,DE30	20.4 	18.2 	16.6 	15.6 	14.2 b	12.7 b	11.4 	11.5 	11.0 	10.6 	8.4 	7.4 
PC,Y_GE15,M,DE40	17.0 	13.7 	11.6 	12.2 	10.5 b	9.4 b	8.3 	7.9 	6.9 	5.9 	5.5 	5.3 
PC,Y_GE15,M,DE50	15.8 	14.0 	11.1 	11.0 	9.7 b	8.9 b	7.4 	7.1 	7.4 	6.2 	6.0 	5.2 
PC,Y_GE15,M,DE60	10.4 	9.4 	7.6 	8.4 	7.5 b	5.6 b	5.7 	5.4 	5.2 	4.7 	4.5 	4.5 
PC,Y_GE15,M,DE71	8.0 	7.3 	6.0 	6.4 	6.1 b	4.8 b	4.9 	4.8 	4.7 	4.3 	4.2 	4.0 
PC,Y_GE15,M,DE72	8.6 	7.0 	6.6 	6.9 	6.0 b	4.7 b	4.8 	4.5 	4.7 	4.2 	4.1 	4.1 
PC,Y_GE15,M,DE73	8.5 	7.8 	7.4 	6.8 	5.7 b	4.2 b	5.1 	4.4 	4.5 	4.4 	3.7 	2.6 
PC,Y_GE15,M,DE80	19.6 	17.3 	14.8 	14.7 	13.8 b	10.3 b	11.3 	11.0 	10.5 	8.0 	6.7 	5.5 
PC,Y_GE15,M,DE91	10.0 	8.9 	8.4 	8.8 	7.3 b	6.2 b	6.2 	7.2 	6.1 	5.6 	5.2 	5.1 
PC,Y_GE15,M,DE92	11.0 	8.8 	8.3 	8.7 	7.7 b	7.1 b	5.7 	5.5 	5.6 	5.2 	5.7 	4.9 
PC,Y_GE15,M,DE93	9.1 	7.0 	6.3 	5.5 	5.5 b	4.9 b	4.2 	4.7 	4.3 	3.8 	3.4 	3.7 
PC,Y_GE15,M,DE94	9.2 	6.8 	6.0 	6.0 	6.7 b	4.2 b	4.6 	4.1 	4.4 	3.8 	4.1 	3.3 
PC,Y_GE15,M,DEA1	10.6 	9.3 	7.7 	8.5 	8.5 b	7.7 b	7.1 	7.2 	6.8 	6.6 	5.7 	5.1 
PC,Y_GE15,M,DEA2	9.4 	7.8 	7.0 	7.6 	7.3 b	6.4 b	6.0 	6.4 	5.8 	5.3 	4.4 	4.4 
PC,Y_GE15,M,DEA3	9.4 	7.6 	6.7 	8.0 	7.3 b	5.8 b	5.4 	5.4 	5.6 	4.8 	4.8 	4.5 
PC,Y_GE15,M,DEA4	10.5 	8.2 	6.9 	8.3 	7.7 b	5.6 b	4.9 	5.2 	5.2 	5.1 	4.6 	4.4 
PC,Y_GE15,M,DEA5	11.3 	9.4 	8.5 	9.9 	9.3 b	7.9 b	7.0 	7.3 	6.2 	6.4 	5.5 	5.3 
PC,Y_GE15,M,DEB1	7.8 	6.2 	5.1 	6.8 	5.2 b	4.2 b	4.1 	3.7 	4.2 	3.3 	3.6 	3.5 
PC,Y_GE15,M,DEB2	5.7 	4.5 	5.0 	4.8 	4.7 b	3.9 b	: u	3.3 	3.5 	: u	: u	: u
PC,Y_GE15,M,DEB3	8.9 	6.0 	5.8 	6.1 	6.2 b	5.1 b	4.1 	4.5 	4.2 	4.6 	4.4 	4.1 
PC,Y_GE15,M,DEC0	10.0 	7.4 	7.3 	8.4 	7.5 b	6.2 b	6.2 	6.4 	6.2 	6.6 	5.4 	5.3 
PC,Y_GE15,M,DED2	15.9 	13.4 	12.9 	12.5 	10.9 b	9.3 b	7.5 	7.5 	7.6 	6.9 	5.5 	4.5 
PC,Y_GE15,M,DED4	15.2 	12.2 	11.8 	12.1 	11.7 b	8.8 b	7.7 	6.8 	6.2 	5.6 	4.3 	3.8 
PC,Y_GE15,M,DED5	19.9 	17.6 	15.3 	13.6 	12.9 b	11.1 b	10.0 	9.7 	9.1 	8.6 	6.3 	5.5 
PC,Y_GE15,M,DEE0	17.7 	15.3 	13.7 	14.0 	11.9 b	10.7 b	9.3 	8.9 	9.2 	8.4 	7.5 	7.5 
PC,Y_GE15,M,DEF0	9.2 	7.5 	6.8 	7.6 	7.4 b	6.5 b	5.5 	5.3 	5.0 	4.8 	4.4 	4.2 
PC,Y_GE15,M,DEG0	15.0 	12.8 	9.6 	10.7 	8.2 b	7.7 b	6.8 	5.8 	5.9 	5.8 	5.2 	4.6 
PC,Y_GE15,M,DK01	: 	4.3 	3.8 	6.8 	8.5 	8.0 	8.0 	7.0 	6.9 	6.5 	6.1 b	5.8 b
PC,Y_GE15,M,DK02	: 	3.3 	3.0 	6.0 	7.9 	7.4 	6.8 	6.8 	6.3 	5.5 	5.8 b	5.4 b
PC,Y_GE15,M,DK03	: 	3.2 	3.0 	6.6 	8.7 	7.9 	7.7 	6.8 	6.5 	5.9 	5.9 b	6.2 b
PC,Y_GE15,M,DK04	: 	2.7 	2.7 	6.5 	8.1 	6.8 	6.9 	6.5 	5.5 	5.2 	5.4 b	4.8 b
PC,Y_GE15,M,DK05	: 	3.4 	2.8 	7.4 	8.5 	8.6 	8.0 	6.3 	6.6 	6.2 	5.1 b	5.4 b
PC,Y_GE15,M,EE00	6.2 	5.4 	5.8 	16.7 	19.3 	13.1 	10.9 	9.1 	7.9 	6.2 	7.4 	6.2 
PC,Y_GE15,M,EL30	6.0 	5.3 	5.1 	7.3 b	11.0 	16.5 	24.6 	27.0 	25.6 	23.3 	20.2 	18.8 
PC,Y_GE15,M,EL41	5.2 u	4.7 u	: u	3.1 bu	6.4 u	13.2 	17.3 	18.6 	18.7 	13.5 	13.0 	18.2 
PC,Y_GE15,M,EL42	5.4 	4.5 	5.6 	8.8 b	9.7 	12.8 	11.9 	17.8 	19.2 	13.8 	14.4 	13.7 
PC,Y_GE15,M,EL43	4.2 	3.0 	3.8 	6.6 b	9.5 	13.0 	18.4 	20.9 	20.7 	20.5 	18.4 	14.6 
PC,Y_GE15,M,EL51	7.3 	6.1 	4.7 	7.7 b	11.8 	17.8 	21.2 	25.5 	21.5 	20.0 	19.0 	15.3 
PC,Y_GE15,M,EL52	5.7 	5.5 	5.3 	7.1 b	10.2 	15.9 	22.9 	26.3 	25.1 	22.6 	21.2 	18.7 
PC,Y_GE15,M,EL53	10.1 	7.9 	7.9 	9.4 b	12.4 	18.7 	24.7 	27.0 	22.4 	23.9 	24.2 	22.9 
PC,Y_GE15,M,EL54	5.6 	5.8 	5.3 	7.6 b	8.8 	13.2 	19.2 	24.0 	24.1 	21.1 	20.6 	21.1 
PC,Y_GE15,M,EL61	4.4 	5.3 	5.7 	6.6 b	8.6 	12.4 	16.5 	20.5 	20.3 	22.1 	21.5 	16.3 
PC,Y_GE15,M,EL62	6.7 	5.1 u	5.6 u	6.2 b	11.4 	10.8 	10.7 	13.1 	16.5 	14.2 	14.8 	18.2 
PC,Y_GE15,M,EL63	5.6 	5.9 	6.1 	6.1 b	8.7 	14.1 	22.3 	23.9 	24.8 	24.2 	23.3 	19.6 
PC,Y_GE15,M,EL64	4.6 	5.0 	5.2 	6.7 b	8.8 	14.0 	22.5 	25.1 	24.1 	21.2 	18.9 	16.8 
PC,Y_GE15,M,EL65	4.0 	4.0 	3.9 	4.2 b	6.2 	11.2 	15.0 	18.1 	19.2 	18.1 	15.7 	13.2 
PC,Y_GE15,M,ES11	6.0 	5.7 	7.4 	11.7 	14.6 	16.6 	20.8 	22.3 	21.6 	18.7 	16.5 	15.0 
PC,Y_GE15,M,ES12	6.8 	6.5 	6.8 	12.6 	15.2 	18.3 	21.9 	23.9 	20.1 	19.6 	18.8 	13.5 
PC,Y_GE15,M,ES13	4.3 	4.5 	5.9 	11.5 	12.7 	16.1 	18.1 	20.1 	20.0 	16.5 	14.4 	13.2 
PC,Y_GE15,M,ES21	5.7 	5.0 	5.7 	11.1 	10.3 	11.8 	15.5 	16.7 	16.5 	14.9 	12.1 	10.5 
PC,Y_GE15,M,ES22	4.1 	3.1 	5.6 	10.0 	11.5 	12.6 	16.7 	17.2 	15.5 	12.7 	10.9 	7.7 
PC,Y_GE15,M,ES23	5.1 u	4.0 u	6.5 	12.6 	12.8 	16.6 	19.1 	19.2 	15.6 	14.1 	12.2 	9.5 
PC,Y_GE15,M,ES24	3.9 	3.9 	6.6 	13.4 	14.2 	16.9 	17.7 	20.3 	18.2 	13.3 	12.1 	9.0 
PC,Y_GE15,M,ES30	4.6 	4.9 	7.8 	13.9 	15.6 	16.4 	19.1 	19.2 	17.9 	16.8 	15.0 	12.8 
PC,Y_GE15,M,ES41	5.2 	4.8 	6.9 	12.1 	14.2 	15.7 	18.0 	20.2 	19.2 	16.0 	14.1 	12.0 
PC,Y_GE15,M,ES42	5.3 	5.2 	9.3 	17.2 	19.2 	20.9 	25.8 	27.5 	26.0 	22.5 	20.0 	16.8 
PC,Y_GE15,M,ES43	9.9 	9.3 	11.1 	17.5 	20.6 	23.0 	30.9 	32.3 	27.2 	25.7 	23.7 	22.7 
PC,Y_GE15,M,ES51	5.2 	5.6 	9.0 	17.2 	18.6 	19.8 	23.2 	23.7 	20.6 	17.8 	14.6 	12.5 
PC,Y_GE15,M,ES52	6.4 	6.9 	10.9 	21.0 	22.9 	23.7 	27.4 	27.1 	25.0 	21.9 	18.9 	16.5 
PC,Y_GE15,M,ES53	5.2 	6.0 	9.7 	19.2 	20.8 	22.3 	22.4 	22.5 	21.4 	17.3 	13.4 	12.4 
PC,Y_GE15,M,ES61	9.3 	9.6 	15.3 	24.1 	26.7 	28.7 	33.4 	34.8 	32.7 	29.1 	26.2 	22.9 
PC,Y_GE15,M,ES62	6.0 	6.0 	11.9 	21.6 	23.2 	25.0 	27.8 	28.6 	24.6 	21.7 	17.3 	15.2 
PC,Y_GE15,M,ES63	16.5 u	15.9 u	12.5 u	13.2 u	21.4 u	22.1 	29.3 	28.8 	28.9 	21.6 u	20.1 u	17.1 u
PC,Y_GE15,M,ES64	8.5 u	12.4 u	15.4 u	17.7 u	17.8 u	19.0 u	22.7 u	33.1 	23.0 u	29.6 	26.1 	20.7 u
PC,Y_GE15,M,ES70	9.5 	8.6 	16.1 	25.6 	29.2 	29.4 	31.9 	34.3 	31.8 	27.9 	24.4 	21.2 
PC,Y_GE15,M,FI19	6.9 	5.7 	5.8 b	9.6 	9.9 	8.7 	8.6 	9.3 	9.3 	10.2 	9.5 	9.6 
PC,Y_GE15,M,FI1B	5.5 	5.4 	4.9 b	7.2 	6.7 	6.3 	6.5 	7.2 	8.2 	8.6 	7.5 	7.6 
PC,Y_GE15,M,FI1C	7.2 	6.4 	5.5 b	8.1 	9.6 	9.4 	8.4 	8.9 	9.6 	10.8 	9.3 	8.9 
PC,Y_GE15,M,FI1D	10.6 	9.2 	8.5 b	11.2 	11.0 	10.3 	10.4 	10.6 	10.9 	10.7 	10.6 	9.9 
PC,Y_GE15,M,FI20	: u	: u	: bu	: u	: u	: u	: u	: u	: u	: u	: u	: u
PC,Y_GE15,M,FR10	8.3 	7.8 	7.6 	8.7 	8.6 	8.5 	8.5 	9.7 	10.2 	10.7 	9.5 	8.7 
PC,Y_GE15,M,FRB0	7.2 	5.6 	4.8 	6.6 	7.3 	7.9 	10.9 	11.1 	9.3 	10.9 	9.6 	8.9 
PC,Y_GE15,M,FRC1	6.5 	6.0 	6.3 	8.0 	8.7 	8.1 	8.9 	10.3 	11.4 	8.6 	10.7 	11.0 
PC,Y_GE15,M,FRC2	6.5 	5.7 	4.7 u	9.1 	8.4 	7.3 	8.9 	10.3 	10.9 	9.7 	8.4 	7.1 
PC,Y_GE15,M,FRD1	6.7 	3.8 u	4.8 	6.5 	8.3 	9.3 	8.7 	9.7 	8.1 	7.9 	8.7 	8.1 
PC,Y_GE15,M,FRD2	8.6 	8.4 	7.2 	9.3 	8.9 	8.2 	11.8 	11.7 	11.6 	11.4 	12.1 	11.9 
PC,Y_GE15,M,FRE1	11.5 	11.5 	10.7 	13.3 	12.3 	11.7 	13.6 	15.1 	14.9 	14.8 	14.1 	14.1 
PC,Y_GE15,M,FRE2	9.2 	10.0 	6.6 	10.7 	11.4 	8.5 	10.3 	11.0 	11.5 	10.2 	11.8 	9.9 
PC,Y_GE15,M,FRF1	6.1 	5.5 	4.8 	8.0 	7.3 	6.6 	9.0 	9.1 	9.0 	9.8 	12.0 	9.3 
PC,Y_GE15,M,FRF2	5.9 	6.9 	6.3 	8.8 	9.1 	10.2 	10.9 	10.2 	11.7 	14.4 	11.4 	9.4 
PC,Y_GE15,M,FRF3	9.8 	7.3 	7.5 	11.6 	9.3 	10.0 	12.4 	12.2 	11.8 	12.9 	12.9 	11.5 
PC,Y_GE15,M,FRG0	6.1 	5.1 	5.5 	6.6 	7.6 	8.0 	7.7 	8.5 	8.4 	9.3 	8.7 	7.0 
PC,Y_GE15,M,FRH0	6.6 	5.9 	4.9 	4.5 	6.0 	7.1 	7.9 	7.5 	7.4 	8.4 	7.7 	6.9 
PC,Y_GE15,M,FRI1	5.5 	6.4 	5.9 	7.6 	7.1 	9.0 	9.3 	9.0 	10.1 	9.8 	9.9 	10.3 
PC,Y_GE15,M,FRI2	5.7 u	5.8 u	4.8 u	5.9 u	7.8 	7.5 	6.2 u	7.2 	9.7 	9.9 	7.2 	7.2 
PC,Y_GE15,M,FRI3	6.6 	6.2 	6.7 	8.0 	8.8 	8.4 	7.6 	9.3 	10.6 	10.6 	9.4 	7.8 
PC,Y_GE15,M,FRJ1	10.9 	10.0 	9.4 	13.9 	15.5 	11.7 	15.0 	12.7 	12.1 	13.6 	12.4 	12.1 
PC,Y_GE15,M,FRJ2	6.6 	7.5 	5.4 	7.8 	7.8 	7.6 	8.0 	9.1 	9.2 	8.9 	8.6 	6.7 
PC,Y_GE15,M,FRK1	7.4 	7.8 	5.4 	7.1 	6.6 	7.9 	9.7 	8.1 	7.3 	9.1 	7.1 	8.3 
PC,Y_GE15,M,FRK2	6.2 	5.7 	5.9 	8.2 	7.5 	7.0 	8.0 	8.4 	9.1 	9.2 	8.1 	7.0 
PC,Y_GE15,M,FRL0	10.8 	8.2 	7.9 	9.3 	9.2 	9.1 	9.0 	10.8 	10.6 	10.9 	10.7 	10.7 
PC,Y_GE15,M,FRM0	: u	: u	: u	: u	: u	: u	: u	8.9 u	6.0 u	3.6 u	7.8 u	6.3 u
PC,Y_GE15,M,FRY1	24.8 	19.2 	18.2 	20.3 	21.4 	19.1 	20.5 	24.0 	22.0 	21.5 	22.2 	21.1 
PC,Y_GE15,M,FRY2	23.4 	20.6 	20.2 	20.6 	19.7 	18.9 	19.3 	22.8 	19.0 	20.1 	17.6 	15.4 
PC,Y_GE15,M,FRY3	25.0 	16.2 	15.4 	15.4 	17.7 	17.1 	18.7 	16.7 	16.8 u	17.8 u	21.4 u	20.4 u
PC,Y_GE15,M,FRY4	27.5 	22.8 	22.7 	25.6 	28.0 	27.5 	26.8 	28.3 	26.8 	23.3 	22.3 	22.8 
PC,Y_GE15,M,FRY5	: 	: 	: 	: 	: 	: 	: 	: 	12.5 u	18.0 	22.6 	22.8 
PC,Y_GE15,M,HR03	: 	8.6 	6.5 	7.5 	9.9 	13.3 	15.3 	15.9 	16.8 	16.7 	14.2 	10.1 
PC,Y_GE15,M,HR04	: 	8.8 	7.3 	8.1 	11.6 	13.8 	16.2 	18.5 	16.3 	15.0 	11.7 	10.9 
PC,Y_GE15,M,HU10	4.8 	4.4 	3.9 	7.0 	9.4 	9.3 	10.6 	: 	: 	: 	: 	: 
PC,Y_GE15,M,HU11	: 	: 	: 	: 	: 	: 	: 	8.7 	5.0 	4.7 	4.9 	2.7 
PC,Y_GE15,M,HU12	: 	: 	: 	: 	: 	: 	: 	10.1 	6.8 	6.1 	2.7 	2.3 
PC,Y_GE15,M,HU21	5.7 	4.4 	5.6 	8.8 	9.3 	8.8 	9.5 	8.3 	5.5 	4.0 	2.9 	2.0 
PC,Y_GE15,M,HU22	5.2 	4.1 	4.0 	8.4 	9.9 	6.9 	7.8 	7.5 	4.2 	3.5 	2.3 	1.9 
PC,Y_GE15,M,HU23	9.0 	9.8 	11.0 	11.3 	13.3 	12.4 	11.7 	9.5 	8.5 	7.8 	6.5 	6.2 
PC,Y_GE15,M,HU31	10.7 	13.0 	14.1 	16.3 	17.7 	16.7 	16.7 	12.6 	10.5 	8.5 	6.2 	5.4 
PC,Y_GE15,M,HU32	10.4 	10.6 	11.9 	14.3 	14.8 	14.8 	13.6 	13.6 	11.3 	10.7 	9.5 	6.8 
PC,Y_GE15,M,HU33	7.5 	7.7 	8.5 	10.4 	10.2 	10.9 	10.2 	10.9 	9.2 	7.5 	5.2 	3.7 
PC,Y_GE15,M,IE01	4.3 	4.5 b	8.1 	15.9 	17.1 	18.4 	: 	: 	: 	: 	: 	: 
PC,Y_GE15,M,IE02	4.6 	5.2 b	7.4 	14.8 	17.0 	17.4 	: 	: 	: 	: 	: 	: 
PC,Y_GE15,M,IE04	: 	: 	: 	: 	: 	: 	17.7 	13.6 	12.2 	11.1 	9.3 	6.7 b
PC,Y_GE15,M,IE05	: 	: 	: 	: 	: 	: 	18.7 	15.4 	13.5 	11.5 	9.1 	7.4 b
PC,Y_GE15,M,IE06	: 	: 	: 	: 	: 	: 	16.9 	14.9 	12.3 	10.0 	8.9 	6.9 b
PC,Y_GE15,M,IS00	2.6 	2.2 	3.2 	8.6 	8.3 	7.8 	6.3 	5.6 	5.0 	3.9 	2.9 	2.8 
PC,Y_GE15,M,ITC1	3.3 	3.4 	4.0 	6.0 	6.9 	6.8 	8.1 	10.1 	10.7 	10.0 	8.8 	8.2 
PC,Y_GE15,M,ITC2	: u	: u	: u	: u	: u	5.2 u	7.2 u	8.4 	9.3 	9.5 	8.8 	7.9 
PC,Y_GE15,M,ITC3	3.4 	4.2 	4.0 	4.7 	5.9 	5.8 	6.3 	8.9 	10.2 	8.9 	8.3 	7.8 
PC,Y_GE15,M,ITC4	2.9 	2.6 	2.9 	4.5 	4.8 	5.0 	6.7 	7.5 	7.7 	7.2 	6.4 	5.4 
PC,Y_GE15,M,ITF1	4.6 	3.8 	5.2 	6.5 	6.9 	7.2 	9.4 	11.0 	11.0 	10.7 	9.9 	9.2 
PC,Y_GE15,M,ITF2	7.2 	6.3 	6.9 	7.7 	7.7 	8.9 	10.4 	15.7 	15.1 	14.1 	12.0 	14.8 
PC,Y_GE15,M,ITF3	10.2 	9.5 	10.4 	11.4 	12.3 	13.6 	17.5 	20.1 	19.7 	17.9 	18.5 	19.1 
PC,Y_GE15,M,ITF4	10.2 	8.8 	9.3 	10.8 	12.0 	11.1 	14.1 	17.7 	19.1 	18.4 	17.5 	16.9 
PC,Y_GE15,M,ITF5	8.0 	6.2 	8.7 	9.6 	11.2 	11.2 	14.6 	15.6 	13.9 	12.5 	12.0 	11.5 
PC,Y_GE15,M,ITF6	11.0 	9.3 	10.0 	9.9 	10.7 	12.2 	18.2 	21.4 	21.5 	22.5 	21.2 	20.0 
PC,Y_GE15,M,ITG1	11.1 	10.6 	11.8 	12.3 	13.3 	12.8 	17.2 	19.9 	21.0 	20.7 	21.0 	20.4 
PC,Y_GE15,M,ITG2	8.5 	7.1 	9.8 	11.2 	13.6 	12.8 	15.1 	17.9 	18.4 	16.7 	16.8 	16.9 
PC,Y_GE15,M,ITH1	1.9 	2.0 	1.8 u	2.5 	2.3 	2.9 	3.5 	3.8 	4.5 	3.5 	3.4 	2.4 
PC,Y_GE15,M,ITH2	1.8 u	1.9 u	2.3 	2.7 	3.5 	3.9 	5.5 	5.4 	6.1 	6.4 	6.6 	5.7 
PC,Y_GE15,M,ITH3	2.4 	2.0 	2.3 	3.5 	4.4 	3.9 	5.5 	6.1 	5.7 	5.8 	5.6 	5.1 
PC,Y_GE15,M,ITH4	2.5 	2.4 	2.7 	4.4 	5.0 	4.1 	5.7 	6.5 	7.3 	6.7 	6.0 	5.6 
PC,Y_GE15,M,ITH5	2.6 	2.0 	2.3 	4.1 	4.6 	4.4 	6.3 	7.3 	7.3 	6.6 	6.0 	5.3 
PC,Y_GE15,M,ITI1	3.2 	2.8 	3.3 	4.2 	4.9 	5.3 	6.5 	7.5 	8.6 	8.7 	8.3 	7.8 
PC,Y_GE15,M,ITI2	2.7 	2.9 	3.1 	4.6 	5.1 	5.0 	8.0 	9.4 	10.3 	9.0 	8.8 	9.5 
PC,Y_GE15,M,ITI3	3.1 	2.8 	3.9 	6.1 	4.8 	5.5 	7.8 	9.7 	8.7 	9.0 	9.7 	9.1 
PC,Y_GE15,M,ITI4	6.0 	5.2 	5.9 	6.7 	8.2 	8.0 	9.6 	11.0 	12.0 	11.5 	10.8 	9.9 
PC,Y_GE15,M,LT00	5.9 	4.2 	6.0 	17.1 	21.2 	17.9 	15.2 	: 	: 	: 	: 	: 
PC,Y_GE15,M,LT01	: 	: 	: 	: 	: 	: 	: 	11.6 	10.7 	9.3 	6.4 	6.1 
PC,Y_GE15,M,LT02	: 	: 	: 	: 	: 	: 	: 	13.6 	12.8 	10.4 	10.2 	9.5 
PC,Y_GE15,M,LU00	3.5 	3.6 b	4.3 	4.4 b	3.8 	3.8 	4.5 	5.4 	5.9 	6.1 b	6.0 	5.5 
PC,Y_GE15,M,LV00	7.3 	6.5 	8.4 	20.9 	22.7 	18.6 	16.2 	12.6 	11.8 	11.1 	10.9 	9.8 
PC,Y_GE15,M,ME00	: 	: 	: 	: 	: 	19.3 	19.8 	20.0 	17.8 	17.7 	18.2 	15.4 
PC,Y_GE15,M,MK00	35.3 	34.5 	33.5 	31.8 	31.9 	31.8 	31.5 	29.0 	27.6 	26.7 	24.4 	22.7 
PC,Y_GE15,M,MT00	6.1 	5.8 	5.6 	6.5 	6.7 	6.0 	5.6 	6.1 	6.1 	5.4 	4.4 	3.8 
PC,Y_GE15,M,NL11	6.7 	5.5 	4.6 	6.1 	5.5 	6.6 	6.1 	8.3 	9.3 	10.1 	8.6 	7.1 
PC,Y_GE15,M,NL12	4.6 	2.8 	3.3 	3.7 	4.7 	4.5 	6.6 	8.0 	8.1 	8.2 	7.0 	4.9 
PC,Y_GE15,M,NL13	5.5 	4.0 	3.8 	4.6 	4.5 	4.4 	5.4 	7.0 	7.2 	7.5 	5.4 	4.3 
PC,Y_GE15,M,NL21	4.4 	3.2 	2.7 	3.5 	4.4 	4.3 	5.3 	7.3 	7.4 	6.7 	5.4 	4.6 
PC,Y_GE15,M,NL22	3.3 	2.7 	2.9 	3.2 	4.2 	4.5 	4.7 	6.8 	6.8 	5.8 	5.2 	4.1 
PC,Y_GE15,M,NL23	4.1 	3.0 	3.5 	4.0 	5.2 	4.9 	6.8 	8.6 	9.9 	6.7 	7.4 	5.2 
PC,Y_GE15,M,NL31	3.9 	3.2 	2.3 	3.3 	3.7 	3.7 	4.5 	6.5 	6.3 	5.9 	4.8 	3.5 
PC,Y_GE15,M,NL32	4.1 	3.1 	2.7 	3.6 	4.2 	4.6 	5.2 	7.2 	6.4 	6.0 	5.0 	4.4 
PC,Y_GE15,M,NL33	4.2 	3.7 	3.2 	4.3 	5.4 	5.5 	6.7 	7.7 	7.8 	7.1 	6.6 	5.1 
PC,Y_GE15,M,NL34	3.2 	2.3 u	2.4 u	2.2 u	2.4 	2.5 	2.8 	5.1 	6.1 	5.4 	3.2 	2.7 
PC,Y_GE15,M,NL41	3.4 	2.5 	2.4 	3.5 	4.1 	4.0 	5.0 	6.6 	6.6 	6.0 	4.7 	3.9 
PC,Y_GE15,M,NL42	4.4 	4.6 	4.1 	5.7 	5.1 	4.1 	5.4 	7.4 	7.1 	6.2 	5.1 	4.3 
PC,Y_GE15,M,NO01	3.8 b	2.8 	3.2 	4.2 	4.6 	3.9 	3.9 	3.9 	4.0 	4.7 	5.1 	5.2 
PC,Y_GE15,M,NO02	2.7 b	2.4 	2.4 	2.7 	4.3 	3.3 	3.7 	3.1 	3.3 	4.9 	5.5 	2.7 
PC,Y_GE15,M,NO03	3.8 b	3.1 	2.9 	4.2 	4.0 	3.7 	3.8 	4.3 	4.5 	4.7 	5.5 	5.0 
PC,Y_GE15,M,NO04	2.7 b	1.7 	1.9 	2.6 	3.2 	2.2 	2.6 	3.4 	3.4 	5.0 	6.3 	5.7 
PC,Y_GE15,M,NO05	2.7 b	2.1 	2.2 	2.5 	3.8 	3.1 	3.2 	3.2 	3.0 	4.1 	5.9 	4.9 
PC,Y_GE15,M,NO06	3.9 b	3.2 	3.0 	4.1 	3.8 	3.5 	4.0 	2.7 	4.0 	3.8 	4.2 	2.5 
PC,Y_GE15,M,NO07	4.6 b	2.8 	3.5 	4.1 	4.2 	4.2 	4.0 	3.4 	3.1 	4.4 	4.1 	3.3 
PC,Y_GE15,M,PL21	12.6 	7.6 	5.3 	7.6 	8.5 b	8.6 	9.3 	10.3 	8.6 	6.9 	4.9 b	4.8 
PC,Y_GE15,M,PL22	12.0 	7.4 	5.8 	5.9 	8.0 b	7.8 	8.4 	8.6 	7.9 	7.0 	5.3 b	3.9 
PC,Y_GE15,M,PL41	10.4 	6.6 	4.6 	5.9 	7.7 b	7.2 	6.7 	6.8 	6.4 	5.1 	4.4 b	3.1 
PC,Y_GE15,M,PL42	16.6 	10.7 	9.0 	10.0 	13.1 b	11.9 	11.2 	10.6 	8.8 	7.4 	6.6 b	4.9 
PC,Y_GE15,M,PL43	13.4 	9.2 	5.9 u	9.9 	10.4 b	9.2 	8.3 	8.9 	7.6 	6.3 	4.4 bu	3.8 u
PC,Y_GE15,M,PL51	17.0 	11.6 	8.2 	9.9 	11.3 b	10.8 	10.7 	10.5 	8.9 	6.8 	5.3 b	4.0 
PC,Y_GE15,M,PL52	12.3 	8.5 	5.9 u	9.3 	9.0 b	8.5 	8.6 	8.5 	6.9 	5.9 u	4.7 bu	3.8 u
PC,Y_GE15,M,PL61	14.7 	10.1 	8.3 	10.2 	9.6 b	9.4 	10.3 	11.0 	9.2 	7.2 	7.1 b	5.6 
PC,Y_GE15,M,PL62	13.4 	9.1 	6.0 	7.3 	8.9 b	8.1 	10.0 	10.7 	9.6 	8.7 	8.8 b	6.7 
PC,Y_GE15,M,PL63	13.0 	9.5 	4.5 	6.2 	9.2 b	7.9 	8.7 	10.0 	8.7 	6.9 	5.4 b	4.1 
PC,Y_GE15,M,PL71	13.4 	9.3 	6.0 	7.1 	9.0 b	8.9 	10.8 	10.6 	8.5 	7.7 	5.6 b	4.8 
PC,Y_GE15,M,PL72	15.6 	12.0 	8.8 	11.5 	12.1 b	12.2 	12.7 	12.7 	12.0 	10.2 	8.9 b	7.2 
PC,Y_GE15,M,PL81	12.5 	9.6 	8.9 	10.0 	10.2 b	10.4 	10.6 	10.1 	9.3 	9.2 	8.4 b	7.5 
PC,Y_GE15,M,PL82	12.7 	9.3 	7.5 	9.3 	11.2 b	11.4 	12.7 	14.3 	13.6 	11.0 	9.7 b	7.8 
PC,Y_GE15,M,PL84	10.8 	8.9 	6.3 	7.0 	10.8 b	9.0 	8.8 	9.8 	8.8 	7.1 	6.7 b	4.2 u
PC,Y_GE15,M,PL91	: 	: 	: 	: 	: 	: 	: 	5.9 	5.5 	4.9 	3.5 b	3.7 
PC,Y_GE15,M,PL92	: 	: 	: 	: 	: 	: 	: 	9.9 	8.1 	8.5 	8.5 b	6.1 
PC,Y_GE15,M,PT11	7.1 	7.1 	7.4 	9.8 	10.7 	11.8 b	15.3 	16.4 	13.7 	13.1 	11.6 	8.9 
PC,Y_GE15,M,PT15	4.4 	6.2 	5.4 	9.4 	13.2 	15.9 b	18.3 	17.9 	14.9 	13.4 	10.0 	8.5 
PC,Y_GE15,M,PT16	4.3 	3.7 	3.9 	6.5 	6.7 	9.2 b	10.8 	11.1 	10.3 	8.7 	7.8 	6.5 
PC,Y_GE15,M,PT17	8.3 	9.2 	8.1 	9.7 	11.2 	15.3 b	19.3 	19.0 	15.1 	13.1 	12.6 	9.2 
PC,Y_GE15,M,PT18	8.1 	6.3 	6.6 	9.4 	9.6 	11.5 b	15.3 	15.7 	14.2 	12.3 	11.2 	7.9 
PC,Y_GE15,M,PT20	: u	: u	: u	: u	6.6 	11.7 b	16.3 	19.5 	16.2 	14.4 	12.2 	9.6 
PC,Y_GE15,M,PT30	: u	6.6 	: u	8.8 	8.5 	15.1 b	19.5 	19.4 	16.0 	15.5 	13.9 	10.3 
PC,Y_GE15,M,RO11	6.0 	4.9 	4.7 	6.0 	6.9 b	5.3 	4.7 	4.0 	3.7 	4.8 	4.8 	3.9 
PC,Y_GE15,M,RO12	9.8 	9.7 	9.7 	12.1 	10.8 b	11.3 	9.8 	10.0 	9.1 	7.7 	5.9 	4.9 
PC,Y_GE15,M,RO21	7.6 	6.0 	5.4 	6.9 	5.9 b	5.0 	4.9 	4.9 	4.9 	3.9 	3.2 	3.3 
PC,Y_GE15,M,RO22	9.6 	8.8 	8.0 	8.0 	8.7 b	10.2 	10.0 	10.4 	11.0 	9.6 	8.5 	7.4 
PC,Y_GE15,M,RO31	10.4 	9.0 	7.0 	8.1 	8.0 b	10.2 	9.8 	10.0 	9.6 	11.0 	8.9 	7.2 
PC,Y_GE15,M,RO32	5.0 	4.7 	4.1 	4.3 	5.1 b	5.8 	7.0 	8.8 	7.4 	6.2 	5.6 	5.3 
PC,Y_GE15,M,RO41	8.6 	7.9 	8.0 	8.5 	9.2 b	8.3 	7.8 	8.7 	7.9 	12.5 	11.7 	8.3 
PC,Y_GE15,M,RO42	7.4 	6.2 	6.6 	7.3 	6.4 b	6.1 	4.9 	5.0 	5.3 	5.6 	5.8 	5.6 
PC,Y_GE15,M,RS11	: 	: 	: 	: 	: 	: 	: 	17.7 	17.1 b	18.3 	15.9 	13.6 
PC,Y_GE15,M,RS12	: 	: 	: 	: 	: 	: 	: 	22.9 	20.3 b	16.7 	14.6 	11.6 
PC,Y_GE15,M,RS21	: 	: 	: 	: 	: 	: 	: 	20.1 	16.1 b	15.5 	13.6 	12.5 
PC,Y_GE15,M,RS22	: 	: 	: 	: 	: 	: 	: 	22.4 	20.1 b	17.1 	14.6 	14.1 
PC,Y_GE15,M,SE11	6.4 	5.3 	5.1 	7.0 	6.9 	6.4 	6.8 	6.8 	7.1 	6.8 	6.3 	6.1 
PC,Y_GE15,M,SE12	7.1 	6.5 	6.1 	9.2 	9.5 	8.2 	8.7 	8.9 	8.4 	8.1 	7.9 	7.8 
PC,Y_GE15,M,SE21	5.6 	4.8 	4.7 	9.0 	8.1 	6.9 	7.3 	7.2 	7.0 	6.1 	6.2 	5.5 
PC,Y_GE15,M,SE22	7.4 	6.6 	6.6 	8.7 	8.9 	9.3 	9.5 	10.2 	10.8 	9.8 	9.5 	9.4 
PC,Y_GE15,M,SE23	6.2 	5.5 	6.2 	8.9 	9.1 	7.5 	8.2 	8.1 	7.7 	6.6 	7.1 	6.2 
PC,Y_GE15,M,SE31	8.1 	6.0 	5.9 	9.7 	9.1 	9.0 	8.8 	8.6 	8.9 	8.6 	8.2 	7.3 
PC,Y_GE15,M,SE32	7.6 	5.9 	7.3 	10.2 	10.6 	9.5 	9.7 	7.9 	7.5 	7.0 	7.0 	6.6 
PC,Y_GE15,M,SE33	9.0 	7.5 	7.3 	9.7 	10.6 	9.0 	8.5 	8.2 	8.2 	7.8 	6.5 	6.8 
PC,Y_GE15,M,SI01	5.5 	4.4 	4.4 	6.2 	: 	: 	: 	: 	: 	: 	: 	: 
PC,Y_GE15,M,SI02	4.2 	3.4 	3.5 	5.5 	: 	: 	: 	: 	: 	: 	: 	: 
PC,Y_GE15,M,SI03	: 	: 	: 	: 	7.6 	8.8 	9.3 	10.4 	9.8 	9.0 	7.7 	5.5 
PC,Y_GE15,M,SI04	: 	: 	: 	: 	7.2 	7.4 	7.3 	8.2 	7.9 	7.0 	7.2 	6.1 
PC,Y_GE15,M,SK01	4.7 	3.7 	3.4 	5.4 	7.1 	6.6 b	5.6 	6.2 	5.6 	5.3 	3.6 	4.8 
PC,Y_GE15,M,SK02	8.9 	6.7 	4.7 	8.7 	11.7 	9.7 b	10.0 	10.5 	10.4 	8.3 	6.8 	4.9 
PC,Y_GE15,M,SK03	14.3 	12.7 	12.3 	14.0 	16.3 	16.3 b	16.7 	17.4 	15.8 	11.9 	10.7 	9.3 
PC,Y_GE15,M,SK04	17.9 	14.1 	11.6 	15.0 	18.6 	18.8 b	18.2 	18.3 	16.0 	13.5 	11.7 	11.6 
PC,Y_GE15,M,TR10	9.8 	8.7 	9.4 	14.9 	12.5 	10.0 	9.6 	9.2 	10.3 b	11.0 	11.7 	11.5 
PC,Y_GE15,M,TR21	5.7 	5.7 	8.5 	9.9 	7.4 	6.1 	4.5 	4.9 	5.9 b	5.4 	5.3 	5.9 
PC,Y_GE15,M,TR22	4.7 	3.7 	5.7 	6.5 	6.0 	3.9 	3.9 	5.0 	5.3 b	4.7 	5.1 	4.3 
PC,Y_GE15,M,TR31	9.8 	8.5 	10.0 	14.7 	12.3 	10.9 	10.6 	10.7 	10.7 b	12.0 	11.1 	11.5 
PC,Y_GE15,M,TR32	4.9 	7.5 	8.9 	11.1 	9.3 	6.7 	5.8 	5.2 	6.7 b	6.1 	5.6 	5.8 
PC,Y_GE15,M,TR33	6.2 	6.0 	7.1 	10.0 	6.8 	4.5 	4.1 	4.7 	3.3 b	3.8 	3.5 	5.0 
PC,Y_GE15,M,TR41	6.6 	7.5 	8.8 	11.7 	8.7 	5.7 	5.1 	4.8 	5.0 b	6.5 	7.7 	8.5 
PC,Y_GE15,M,TR42	9.3 	9.3 	8.8 	12.0 	10.1 	9.3 	7.7 	7.5 	8.2 b	8.4 	8.6 	8.9 
PC,Y_GE15,M,TR51	9.8 	8.7 	9.3 	11.4 	9.4 	7.6 	6.8 	6.8 	9.1 b	8.3 	9.1 	9.4 
PC,Y_GE15,M,TR52	8.1 	8.0 	8.0 	8.6 	6.8 	5.1 	4.4 	3.6 	5.0 b	5.4 	5.0 	5.5 
PC,Y_GE15,M,TR61	6.6 	6.3 	7.8 	9.4 	9.1 	7.5 	6.3 	6.3 	6.7 b	7.7 	9.1 	9.9 
PC,Y_GE15,M,TR62	13.1 	11.4 	13.3 	18.6 	14.0 	8.3 	8.2 	9.7 	9.3 b	8.2 	9.1 	8.9 
PC,Y_GE15,M,TR63	10.0 	10.9 	14.6 	15.9 	12.6 	11.3 	9.6 	11.1 	14.5 b	14.4 	12.2 	10.0 
PC,Y_GE15,M,TR71	9.2 	7.3 	8.7 	15.8 	9.5 	7.0 	6.4 	5.4 	7.8 b	8.3 	10.4 	8.1 
PC,Y_GE15,M,TR72	8.5 	9.1 	10.0 	11.2 	10.7 	9.3 	7.6 	8.0 	8.7 b	8.6 	7.2 	9.3 
PC,Y_GE15,M,TR81	5.6 	8.4 	7.3 	7.7 	11.1 	7.0 	6.0 	5.1 	5.7 b	5.8 	7.4 	6.6 
PC,Y_GE15,M,TR82	3.7 	3.3 	5.2 	7.8 	6.1 	4.8 	4.2 	4.6 	5.4 b	5.9 	5.1 	3.7 
PC,Y_GE15,M,TR83	6.4 	7.5 	7.1 	6.7 	6.2 	4.4 	4.5 	5.0 	6.0 b	6.0 	7.0 	5.8 
PC,Y_GE15,M,TR90	4.9 	6.0 	4.5 	4.8 	5.9 	6.2 	6.7 	6.8 	6.3 b	5.0 	4.5 	3.2 
PC,Y_GE15,M,TRA1	5.0 	4.9 	6.5 	8.1 	6.7 	6.9 	6.5 	7.0 	8.4 b	7.6 	5.7 	5.3 
PC,Y_GE15,M,TRA2	4.0 	5.8 	7.0 	9.9 	11.3 	11.8 	8.0 	6.4 	4.5 b	4.2 	4.6 	5.7 
PC,Y_GE15,M,TRB1	11.3 	11.1 	12.1 	16.0 	10.9 	8.0 	5.9 	6.0 	6.6 b	7.4 	7.6 	4.7 
PC,Y_GE15,M,TRB2	8.4 	12.9 	13.7 	16.3 	16.6 	12.1 	8.8 	10.8 	15.9 b	12.1 	10.7 	13.6 
PC,Y_GE15,M,TRC1	13.6 	18.2 	17.2 	15.6 	12.0 	13.6 	11.0 	6.2 	8.1 b	9.5 	12.4 	13.3 
PC,Y_GE15,M,TRC2	11.5 	13.6 	14.2 	18.0 	12.7 	7.6 	6.7 	17.1 	19.3 b	19.2 	18.8 	14.7 
PC,Y_GE15,M,TRC3	13.4 	17.9 	16.2 	14.1 	11.1 	10.6 	19.1 	19.7 	24.0 b	24.2 	26.9 	24.6 
PC,Y_GE15,M,UKC1	6.9 	8.0 b	8.3 b	9.0 	10.1 	12.8 	12.2 	10.9 	8.9 	8.7 	7.0 	6.1 
PC,Y_GE15,M,UKC2	7.8 	6.7 b	8.0 b	12.4 	10.9 	10.4 	10.9 	10.1 	8.9 	8.6 	7.8 	6.2 
PC,Y_GE15,M,UKD1	4.2 u	3.0 bu	3.2 bu	7.1 u	7.0 u	7.6 	6.7 u	5.7 u	5.8 u	4.4 u	4.2 u	4.4 u
PC,Y_GE15,M,UKD3	5.9 	7.8 b	8.4 b	10.6 	9.2 	10.9 	11.3 	10.7 	8.4 	6.4 	6.6 	4.2 
PC,Y_GE15,M,UKD4	5.5 	5.7 b	6.2 b	8.7 	6.8 	7.7 	9.3 	7.2 	7.6 	3.9 	5.5 	4.7 
PC,Y_GE15,M,UKD6	3.8 u	3.6 bu	6.3 b	5.4 	6.8 	6.1 	6.3 	5.1 	3.2 u	2.9 u	2.7 u	3.1 u
PC,Y_GE15,M,UKD7	7.4 	8.6 b	9.8 b	12.8 	12.9 	10.8 	10.6 	10.0 	8.1 	7.1 	5.7 	5.3 
PC,Y_GE15,M,UKE1	6.3 	7.2 b	5.5 b	11.4 	11.2 	10.2 	11.1 	8.4 	7.4 	5.7 	5.5 	5.3 
PC,Y_GE15,M,UKE2	5.5 	3.6 bu	4.1 bu	6.5 	7.7 	6.4 	5.9 	5.6 	4.5 u	4.0 u	2.7 u	4.4 u
PC,Y_GE15,M,UKE3	7.6 	8.0 b	9.0 b	11.3 	11.5 	12.0 	11.8 	10.4 	7.9 	8.1 	8.2 	5.9 
PC,Y_GE15,M,UKE4	6.1 	5.8 b	6.7 b	9.4 	10.8 	11.5 	10.0 	10.6 	6.9 	7.5 	6.3 	5.4 
PC,Y_GE15,M,UKF1	5.8 	5.5 b	5.4 b	8.5 	9.3 	8.5 	8.5 	7.9 	7.3 	5.2 	4.8 	3.6 
PC,Y_GE15,M,UKF2	5.5 	4.6 b	6.7 b	8.2 	7.6 	7.1 	6.4 	7.6 	4.6 	4.6 	4.2 	4.5 
PC,Y_GE15,M,UKF3	4.3 u	4.9 bu	5.3 b	6.2 	5.2 u	7.1 	9.4 	7.1 	5.0 	4.2 u	3.4 u	4.0 u
PC,Y_GE15,M,UKG1	3.9 	3.6 b	4.3 b	7.4 	7.5 	6.6 	5.7 	5.9 	4.1 	2.7 u	3.4 	2.8 u
PC,Y_GE15,M,UKG2	4.3 	5.7 b	5.0 b	8.3 	8.7 	8.5 	7.0 	6.8 	5.7 	4.7 	4.4 	4.3 
PC,Y_GE15,M,UKG3	8.3 	8.6 b	10.7 b	15.5 	12.3 	12.0 	12.0 	13.0 	10.8 	8.5 	7.2 	7.3 
PC,Y_GE15,M,UKH1	4.7 	4.1 b	4.7 b	6.4 	7.4 	6.9 	7.0 	7.0 	5.2 	4.2 	3.8 	4.2 
PC,Y_GE15,M,UKH2	5.0 	4.8 b	5.2 b	6.8 	6.0 	6.6 	6.2 	5.1 	5.0 	4.8 	4.1 	3.9 
PC,Y_GE15,M,UKH3	4.6 	4.8 b	5.4 b	6.5 	7.3 	7.2 	7.5 	6.3 	6.1 	4.3 	3.3 	4.2 
PC,Y_GE15,M,UKI1	8.9 	8.4 b	7.7 b	9.2 	: 	: 	: 	: 	: 	: 	: 	: 
PC,Y_GE15,M,UKI2	7.1 	5.8 b	6.7 b	8.7 	: 	: 	: 	: 	: 	: 	: 	: 
PC,Y_GE15,M,UKI3	: 	: 	: 	: 	7.6 	7.1 	7.9 	7.1 	6.6 	5.2 	4.3 	4.3 
PC,Y_GE15,M,UKI4	: 	: 	: 	: 	10.6 	12.1 	10.8 	9.5 	7.7 	7.2 	6.0 	5.1 
PC,Y_GE15,M,UKI5	: 	: 	: 	: 	10.0 	11.3 	9.0 	9.2 	6.1 	6.0 	5.4 	5.1 
PC,Y_GE15,M,UKI6	: 	: 	: 	: 	7.8 	8.2 	7.7 	7.6 	5.1 	4.0 	4.3 	5.4 
PC,Y_GE15,M,UKI7	: 	: 	: 	: 	9.0 	8.9 	8.2 	8.0 	6.1 	5.7 	5.0 	4.7 
PC,Y_GE15,M,UKJ1	4.0 	4.0 b	4.2 b	6.0 	6.1 	4.7 	5.1 	5.6 	3.7 	3.2 	2.5 	2.9 
PC,Y_GE15,M,UKJ2	3.9 	4.0 b	4.6 b	6.2 	5.0 	5.6 	5.5 	5.4 	4.4 	3.9 	3.5 	3.1 
PC,Y_GE15,M,UKJ3	5.0 	4.9 b	3.6 b	5.2 	7.4 	6.8 	6.4 	5.9 	4.2 	4.3 	3.2 	3.0 
PC,Y_GE15,M,UKJ4	5.7 	5.7 b	5.4 b	8.8 	9.2 	8.1 	8.1 	8.2 	5.6 	4.6 	4.8 	3.6 
PC,Y_GE15,M,UKK1	3.4 	3.2 b	4.0 b	6.5 	5.5 	7.1 	6.7 	6.7 	5.1 	3.8 	4.0 	3.7 
PC,Y_GE15,M,UKK2	3.7 	3.8 b	4.5 b	7.6 	5.8 	5.9 	5.9 	6.0 	5.7 	3.7 	3.9 	2.9 u
PC,Y_GE15,M,UKK3	3.5 u	4.9 bu	5.6 bu	5.4 u	7.3 u	6.9 u	7.1 u	6.3 u	5.0 u	5.0 u	4.0 u	: u
PC,Y_GE15,M,UKK4	4.4 	5.0 b	4.5 b	8.2 	7.6 	7.8 	5.5 	7.7 	4.8 	2.7 u	3.5 	3.5 
PC,Y_GE15,M,UKL1	6.3 	5.4 b	6.9 b	10.8 	10.8 	11.9 	9.7 	8.4 	8.1 	7.2 	5.5 	4.8 
PC,Y_GE15,M,UKL2	5.2 	4.7 b	6.1 b	7.6 	8.8 	8.0 	7.3 	7.5 	6.4 	6.6 	4.2 	4.7 
PC,Y_GE15,M,UKM2	5.3 	4.9 b	5.2 b	8.5 	8.6 	9.4 	7.6 	: 	: 	: 	: 	: 
PC,Y_GE15,M,UKM3	7.2 	5.7 b	6.1 b	9.5 	12.1 	10.3 	10.1 	: 	: 	: 	: 	: 
PC,Y_GE15,M,UKM5	: u	3.0 bu	3.0 bu	3.0 u	3.2 u	4.3 u	4.5 u	4.0 u	3.4 u	3.4 u	5.2 u	4.5 u
PC,Y_GE15,M,UKM6	3.6 u	: bu	: bu	3.8 u	8.2 	7.1 	10.4 	6.4 u	5.5 u	: u	: u	: u
PC,Y_GE15,M,UKM7	: 	: 	: 	: 	: 	: 	: 	7.9 	6.5 	6.3 	5.6 	4.3 
PC,Y_GE15,M,UKM8	: 	: 	: 	: 	: 	: 	: 	8.9 	9.1 	8.1 	5.5 	4.9 
PC,Y_GE15,M,UKM9	: 	: 	: 	: 	: 	: 	: 	8.2 	6.2 	7.0 	7.5 	5.2 
PC,Y_GE15,M,UKN0	5.2 	4.2 b	5.8 b	8.2 	9.3 	8.9 	9.3 	9.6 	7.8 	6.9 	6.8 	5.8 
PC,Y_GE15,T,AT11	5.3 	4.1 bu	4.2 u	5.0 	4.0 u	3.8 u	4.6 	4.3 	4.8 	5.2 	5.7 	5.2 
PC,Y_GE15,T,AT12	4.5 	4.0 b	3.7 	4.7 	3.9 	4.5 	4.6 	5.0 	5.1 	5.2 	5.2 	4.8 
PC,Y_GE15,T,AT13	9.7 	9.2 b	7.3 	8.7 	8.3 	8.0 	8.9 	9.2 	10.2 	10.6 	11.3 	10.4 
PC,Y_GE15,T,AT21	4.7 	4.2 b	3.6 	4.6 	4.3 	4.3 	5.0 	5.5 	6.0 	6.1 	5.4 	4.8 
PC,Y_GE15,T,AT22	4.3 	4.1 b	3.8 	5.0 	4.5 	3.6 	4.0 	4.7 	4.9 	4.7 	5.1 	4.5 
PC,Y_GE15,T,AT31	3.6 	3.4 b	2.7 	4.2 	3.9 	3.4 	3.3 	4.3 	4.0 	4.1 	4.4 	3.9 
PC,Y_GE15,T,AT32	3.5 	3.5 b	2.8 	3.6 	3.2 	2.9 	2.9 	3.2 	3.5 	3.5 	3.4 	3.1 
PC,Y_GE15,T,AT33	3.2 	3.0 b	2.6 	3.3 	3.2 	2.7 	2.8 	3.1 	3.2 	3.0 	3.5 	3.3 
PC,Y_GE15,T,AT34	5.0 	4.1 b	4.1 	5.6 	4.6 	4.1 	4.0 	3.6 	3.4 	3.5 	3.4 	3.7 
PC,Y_GE15,T,BE10	17.6 	17.1 	15.9 	15.7 	17.3 	16.9 b	17.4 	19.2 	18.3 	17.3 	16.7 	14.8 b
PC,Y_GE15,T,BE21	5.7 	5.0 	4.6 	5.7 	6.0 	5.7 b	5.3 	6.2 	6.1 	6.1 	6.1 	5.9 b
PC,Y_GE15,T,BE22	6.2 	5.3 	4.4 	5.4 	5.3 	4.6 b	4.7 	5.5 	5.6 	6.0 	4.8 	4.1 b
PC,Y_GE15,T,BE23	4.5 	4.8 	3.6 	4.2 	5.2 	3.8 b	4.1 	4.0 	4.3 	4.4 	4.2 	3.4 b
PC,Y_GE15,T,BE24	4.2 	3.4 	4.2 	4.9 	4.8 	3.5 b	4.4 	5.5 	5.0 	5.1 	4.8 	4.7 b
PC,Y_GE15,T,BE25	4.2 	3.0 	2.7 	4.3 	3.8 	3.2 b	3.9 	3.9 	4.2 	4.2 	3.7 	3.2 b
PC,Y_GE15,T,BE31	7.6 	7.0 	6.5 	6.9 	8.3 	6.7 b	7.0 	8.2 	8.8 	7.8 	7.9 	7.5 b
PC,Y_GE15,T,BE32	14.4 	12.8 	11.6 	13.2 	13.9 	11.7 b	12.1 	13.2 	14.4 	13.3 	11.8 	11.4 b
PC,Y_GE15,T,BE33	11.5 	10.9 	10.5 	12.1 	11.5 	9.5 b	10.7 	11.7 	12.3 	12.8 	11.1 	10.5 b
PC,Y_GE15,T,BE34	7.7 	6.8 	7.7 	7.4 	7.5 	6.2 b	7.6 	7.9 	8.5 	9.3 	7.8 	6.7 b
PC,Y_GE15,T,BE35	10.6 	8.5 	8.8 	9.4 	9.6 	8.0 b	7.3 	10.4 	8.9 	10.9 	9.7 	7.4 b
PC,Y_GE15,T,BG31	11.0 	9.0 	7.1 b	8.0 	11.2 b	12.8 b	12.3 	14.0 	14.2 	12.1 	10.6 	11.3 
PC,Y_GE15,T,BG32	13.5 	10.7 	8.5 b	8.4 	11.6 b	12.8 b	14.3 	15.3 	13.2 	10.6 	9.3 	6.9 
PC,Y_GE15,T,BG33	11.0 	10.8 	8.6 b	10.4 	14.6 b	15.4 b	18.2 	16.8 	12.6 	10.3 	9.7 	9.4 
PC,Y_GE15,T,BG34	8.1 	6.5 	5.8 b	6.6 	10.5 b	11.5 b	11.9 	13.0 	11.9 	10.4 	7.9 	7.0 
PC,Y_GE15,T,BG41	6.5 	3.9 	2.9 b	4.1 	6.9 b	7.5 b	8.2 	9.8 	8.9 	6.7 	5.4 	3.3 
PC,Y_GE15,T,BG42	8.2 	5.6 	5.1 b	7.3 	11.5 b	12.9 b	13.8 	13.5 	12.0 	9.2 	7.1 	5.2 
PC,Y_GE15,T,CH01	5.2 	4.8 	4.6 	5.9 	7.2 b	7.1 	7.1 	7.4 	7.5 	7.5 	7.6 	7.8 
PC,Y_GE15,T,CH02	3.7 	4.1 	3.3 	3.6 	4.5 b	3.8 	3.9 	4.1 	4.5 	4.4 	4.6 	4.2 
PC,Y_GE15,T,CH03	4.0 	3.1 	3.1 	4.5 	4.7 b	4.3 	4.5 	4.4 	4.6 	4.3 	4.9 	4.4 
PC,Y_GE15,T,CH04	3.8 	3.4 	3.1 	3.8 	4.4 b	4.0 	3.8 	4.4 	4.1 	4.1 	3.9 	4.4 
PC,Y_GE15,T,CH05	3.6 	2.6 	2.7 	3.4 	3.8 b	3.6 	3.5 	3.9 	3.5 	3.9 	4.0 	3.7 
PC,Y_GE15,T,CH06	2.7 	2.7 	2.3 	2.7 	3.1 b	2.6 	2.8 	2.8 	3.7 	3.4 	3.4 	2.9 
PC,Y_GE15,T,CH07	5.3 	5.0 	5.0 	5.1 	5.9 b	6.0 	7.4 	7.7 	7.1 	6.9 	6.9 	6.0 
PC,Y_GE15,T,CY00	4.5 	3.9 	3.7 	5.4 b	6.3 	7.9 	11.8 	15.9 	16.1 	14.9 	12.9 	11.1 
PC,Y_GE15,T,CZ01	2.8 	2.4 	1.9 	3.1 	3.7 	3.6 b	3.1 	3.1 	2.5 	2.8 	2.2 	1.7 
PC,Y_GE15,T,CZ02	4.6 	3.4 	2.6 	4.4 	5.2 	5.1 b	4.6 	5.2 	5.1 	3.5 	3.1 	2.1 
PC,Y_GE15,T,CZ03	4.9 	3.5 	3.1 	5.2 	5.6 	5.3 b	5.3 	5.2 	5.5 	3.9 	3.1 	2.1 
PC,Y_GE15,T,CZ04	12.8 	9.5 	7.8 	10.3 	11.1 	9.5 b	10.7 	9.6 	8.7 	7.3 	5.2 	3.4 
PC,Y_GE15,T,CZ05	6.1 	4.8 	4.0 	7.3 	7.0 	6.6 b	8.0 	8.3 	6.3 	5.2 	4.0 	2.8 
PC,Y_GE15,T,CZ06	7.1 	5.2 	4.0 	6.5 	7.5 	7.2 b	7.6 	6.8 	5.9 	4.9 	3.7 	3.1 
PC,Y_GE15,T,CZ07	7.6 	5.9 	4.9 	7.5 	8.8 	7.6 b	7.5 	8.0 	6.9 	5.3 	3.9 	3.3 
PC,Y_GE15,T,CZ08	12.0 	8.5 	7.4 	9.7 	10.2 	9.3 b	9.5 	9.9 	8.6 	8.1 	6.9 	4.7 
PC,Y_GE15,T,DE11	6.5 	5.1 	4.3 	5.3 	5.0 b	3.6 b	3.4 	3.6 	3.1 	3.3 	3.3 	3.0 
PC,Y_GE15,T,DE12	7.2 	5.5 	4.8 	5.6 	5.2 b	4.2 b	4.0 	3.6 	3.5 	3.3 	3.1 	3.3 
PC,Y_GE15,T,DE13	5.5 	4.3 	3.8 	4.4 	3.9 b	3.0 b	2.8 	2.9 	3.0 	2.5 	3.0 	2.9 
PC,Y_GE15,T,DE14	5.9 	4.6 	3.8 	5.0 	4.5 b	3.1 b	2.7 	2.9 	2.6 	3.0 	2.6 	2.2 
PC,Y_GE15,T,DE21	5.3 	4.4 	3.4 	4.2 	3.6 b	2.7 b	2.7 	2.5 	2.5 	2.7 	2.4 	2.2 
PC,Y_GE15,T,DE22	6.6 	5.0 	4.2 	5.0 	3.9 b	2.8 b	3.3 	3.2 	2.8 	2.5 	2.1 	2.1 
PC,Y_GE15,T,DE23	6.8 	5.3 	4.2 	5.0 	4.0 b	3.4 b	3.2 	3.4 	2.7 	2.7 	2.8 	2.2 
PC,Y_GE15,T,DE24	9.6 	7.7 	6.2 	6.7 	5.9 b	4.2 b	3.3 	3.9 	4.0 	3.8 	3.3 	3.0 
PC,Y_GE15,T,DE25	7.9 	6.7 	5.5 	6.4 	5.5 b	4.0 b	3.7 	3.1 	3.1 	3.0 	2.5 	2.1 
PC,Y_GE15,T,DE26	6.3 	5.8 	4.4 	5.7 	5.1 b	3.5 b	3.4 	3.3 	2.9 	3.0 	2.5 	2.3 
PC,Y_GE15,T,DE27	6.2 	5.0 	4.1 	4.7 	4.2 b	3.4 b	3.2 	3.3 	3.0 	3.0 	2.7 	2.6 
PC,Y_GE15,T,DE30	18.7 	16.4 	15.2 	13.7 	12.8 b	11.6 b	10.4 	10.4 	9.8 	9.4 	7.8 	7.0 
PC,Y_GE15,T,DE40	16.6 	13.8 	11.5 	11.3 	9.8 b	8.8 b	8.2 	7.3 	6.7 	5.7 	4.6 	4.5 
PC,Y_GE15,T,DE50	14.4 	11.9 	9.6 	9.1 	7.9 b	7.7 b	6.6 	7.0 	6.6 	5.6 	5.3 	4.3 
PC,Y_GE15,T,DE60	9.9 	9.0 	7.1 	7.2 	7.0 b	5.3 b	5.3 	4.7 	5.0 	4.3 	4.1 	4.2 
PC,Y_GE15,T,DE71	7.9 	7.2 	6.1 	6.3 	5.8 b	4.7 b	4.8 	4.3 	4.5 	4.1 	4.0 	3.5 
PC,Y_GE15,T,DE72	8.5 	7.2 	6.6 	6.7 	6.0 b	5.1 b	5.0 	4.5 	4.5 	3.8 	4.0 	3.6 
PC,Y_GE15,T,DE73	8.5 	8.0 	7.5 	6.6 	6.0 b	4.4 b	4.5 	4.3 	4.4 	3.6 	3.7 	2.5 
PC,Y_GE15,T,DE80	19.2 	17.5 	14.7 	13.9 	12.3 b	10.1 b	10.8 	10.0 	9.6 	7.8 	6.3 	5.1 
PC,Y_GE15,T,DE91	10.1 	8.9 	8.7 	8.5 	7.1 b	6.2 b	5.5 	6.2 	5.5 	4.9 	4.6 	4.4 
PC,Y_GE15,T,DE92	10.5 	8.4 	7.6 	7.9 	7.0 b	6.7 b	5.4 	5.4 	5.2 	4.7 	4.7 	4.5 
PC,Y_GE15,T,DE93	9.0 	7.4 	6.3 	5.4 	5.7 b	5.3 b	4.4 	4.3 	4.0 	3.5 	3.3 	3.4 
PC,Y_GE15,T,DE94	9.3 	7.1 	6.2 	5.9 	5.9 b	4.2 b	4.3 	4.0 	4.1 	3.9 	3.6 	3.0 
PC,Y_GE15,T,DEA1	9.8 	8.6 	7.4 	7.7 	7.6 b	6.7 b	6.5 	6.3 	6.3 	5.9 	4.9 	4.3 
PC,Y_GE15,T,DEA2	9.1 	7.7 	7.0 	7.1 	7.0 b	6.0 b	5.4 	5.8 	5.3 	4.8 	3.9 	3.7 
PC,Y_GE15,T,DEA3	9.1 	7.3 	6.4 	7.3 	6.6 b	5.3 b	4.9 	5.1 	4.9 	4.4 	4.3 	3.9 
PC,Y_GE15,T,DEA4	10.0 	8.1 	7.2 	7.7 	7.0 b	5.5 b	4.7 	5.0 	5.0 	4.7 	4.1 	3.9 
PC,Y_GE15,T,DEA5	11.1 	9.7 	8.7 	9.2 	8.2 b	7.1 b	6.6 	6.5 	5.7 	5.7 	5.0 	4.6 
PC,Y_GE15,T,DEB1	7.8 	6.3 	5.8 	6.7 	5.1 b	4.4 b	4.0 	3.8 	4.0 	3.4 	3.4 	3.1 
PC,Y_GE15,T,DEB2	6.2 	5.3 	5.2 	4.6 	4.1 b	4.1 b	2.7 	3.0 	3.0 	2.9 	2.7 	2.0 
PC,Y_GE15,T,DEB3	8.7 	5.9 	5.7 	5.8 	6.0 b	5.2 b	4.3 	4.4 	3.9 	4.1 	4.1 	3.8 
PC,Y_GE15,T,DEC0	9.5 	7.3 	7.1 	8.4 	6.9 b	5.8 b	6.2 	5.9 	5.8 	5.6 	4.8 	4.5 
PC,Y_GE15,T,DED2	16.2 	13.4 	12.3 	12.0 	10.3 b	8.6 b	7.5 	7.2 	7.4 	6.2 	4.9 	4.3 
PC,Y_GE15,T,DED4	16.5 	13.9 	12.7 	12.5 	11.5 b	8.8 b	7.9 	7.4 	6.3 	5.4 	4.4 	4.1 
PC,Y_GE15,T,DED5	17.8 	17.3 	14.3 	13.1 	12.1 b	11.1 b	9.5 	9.2 	8.3 	7.7 	6.0 	5.1 
PC,Y_GE15,T,DEE0	17.8 	15.7 	14.5 	13.7 	11.4 b	10.4 b	9.5 	9.1 	8.8 	8.0 	7.4 	6.9 
PC,Y_GE15,T,DEF0	9.1 	8.0 	6.8 	7.3 	6.6 b	5.8 b	5.0 	4.9 	4.6 	4.2 	4.0 	3.6 
PC,Y_GE15,T,DEG0	15.7 	13.8 	10.7 	10.7 	8.6 b	7.6 b	7.2 	6.0 	6.0 	5.8 	5.1 	4.4 
PC,Y_GE15,T,DK01	: 	4.3 	3.7 	6.2 	7.9 	8.1 	8.2 	7.4 	7.1 	6.7 	6.6 b	6.1 b
PC,Y_GE15,T,DK02	: 	3.6 	3.4 	5.3 	6.8 	7.2 	6.4 	6.8 	6.3 	5.9 	6.2 b	5.4 b
PC,Y_GE15,T,DK03	: 	3.5 	3.3 	6.0 	7.6 	7.7 	7.9 	7.2 	6.7 	6.1 	6.3 b	6.1 b
PC,Y_GE15,T,DK04	: 	3.3 	3.2 	5.8 	7.2 	6.7 	6.8 	6.5 	6.1 	5.6 	5.5 b	5.3 b
PC,Y_GE15,T,DK05	: 	4.4 	3.7 	6.9 	7.4 	8.0 	7.9 	6.4 	6.4 	6.3 	6.2 b	5.4 b
PC,Y_GE15,T,EE00	5.9 	4.6 	5.5 	13.5 	16.7 	12.3 	10.0 	8.6 	7.4 	6.2 	6.8 	5.8 
PC,Y_GE15,T,EL30	8.5 	7.8 	6.7 	9.1 b	12.6 	18.0 	25.8 	28.7 	27.3 	25.2 	23.0 	21.6 
PC,Y_GE15,T,EL41	9.6 	8.1 	4.7 	6.6 b	9.4 	15.0 	21.8 	22.0 	22.3 	18.0 	18.3 	22.5 
PC,Y_GE15,T,EL42	9.0 	9.4 	8.3 	12.3 b	14.6 	15.2 	15.4 	21.3 	20.1 	14.9 	17.4 	16.0 
PC,Y_GE15,T,EL43	7.2 	5.4 	6.4 	9.0 b	12.0 	15.8 	22.3 	24.9 	24.0 	24.2 	22.6 	17.7 
PC,Y_GE15,T,EL51	11.1 	9.8 	8.8 	11.1 b	14.5 	20.2 	22.8 	26.8 	24.2 	23.4 	22.8 	19.5 
PC,Y_GE15,T,EL52	9.5 	9.1 	8.4 	10.1 b	13.7 	19.7 	26.2 	30.2 	28.7 	26.0 	24.5 	22.9 
PC,Y_GE15,T,EL53	14.2 	12.1 	12.5 	12.4 b	15.4 	23.1 	29.7 	31.6 	27.6 	30.7 	31.3 	29.1 
PC,Y_GE15,T,EL54	9.8 	10.0 	9.9 	11.2 b	12.6 	16.5 	22.5 	27.4 	26.8 	24.5 	24.3 	24.8 
PC,Y_GE15,T,EL61	8.2 	7.8 	8.3 	9.2 b	12.1 	16.8 	22.6 	25.4 	25.4 	26.9 	25.5 	20.6 
PC,Y_GE15,T,EL62	11.2 	9.0 	8.3 	9.5 b	14.6 	14.1 	14.7 	18.1 	21.4 	19.0 	16.0 	19.6 
PC,Y_GE15,T,EL63	9.7 	9.9 	9.9 	9.7 b	11.9 	17.6 	25.6 	28.4 	28.7 	28.5 	29.8 	26.3 
PC,Y_GE15,T,EL64	9.2 	9.4 	8.5 	10.5 b	12.5 	19.0 	27.9 	28.2 	26.8 	25.8 	25.0 	20.8 
PC,Y_GE15,T,EL65	7.5 	7.3 	7.0 	7.9 b	9.6 	13.8 	19.2 	21.9 	23.4 	22.3 	19.2 	16.8 
PC,Y_GE15,T,ES11	8.3 	7.6 	8.6 	12.4 	15.3 	17.3 	20.5 	22.0 	21.7 	19.3 	17.2 	15.7 
PC,Y_GE15,T,ES12	9.2 	8.4 	8.5 	13.4 	15.9 	17.8 	21.8 	24.1 	21.1 	19.1 	17.6 	13.7 
PC,Y_GE15,T,ES13	6.5 	6.0 	7.2 	12.0 	13.7 	15.3 	17.8 	20.4 	19.4 	17.6 	14.9 	13.6 
PC,Y_GE15,T,ES21	7.2 	6.2 	6.6 	11.3 	10.7 	12.4 	15.6 	16.6 	16.3 	14.8 	12.6 	11.3 
PC,Y_GE15,T,ES22	5.4 	4.7 	6.8 	10.8 	11.9 	13.0 	16.2 	17.9 	15.7 	13.8 	12.5 	10.2 
PC,Y_GE15,T,ES23	6.1 	5.8 	7.9 	12.6 	14.1 	17.2 	20.6 	20.0 	18.2 	15.4 	13.5 	12.0 
PC,Y_GE15,T,ES24	5.5 	5.3 	7.3 	13.1 	15.0 	17.1 	18.7 	21.4 	20.2 	16.3 	14.7 	11.6 
PC,Y_GE15,T,ES30	6.3 	6.2 	8.6 	13.9 	15.8 	16.3 	18.5 	19.8 	18.7 	17.1 	15.7 	13.3 
PC,Y_GE15,T,ES41	8.1 	7.1 	9.6 	14.0 	15.8 	16.9 	19.8 	21.7 	20.8 	18.3 	15.8 	14.1 
PC,Y_GE15,T,ES42	8.8 	7.7 	11.7 	18.9 	21.2 	23.1 	28.6 	30.0 	29.0 	26.3 	23.5 	20.8 
PC,Y_GE15,T,ES43	13.3 	13.0 	15.4 	20.6 	23.0 	25.1 	33.1 	33.9 	29.8 	29.1 	27.5 	26.2 
PC,Y_GE15,T,ES51	6.5 	6.5 	8.9 	16.2 	17.7 	19.2 	22.5 	23.1 	20.3 	18.6 	15.7 	13.4 
PC,Y_GE15,T,ES52	8.3 	8.7 	12.0 	20.8 	22.9 	24.0 	27.2 	28.0 	25.8 	22.8 	20.6 	18.2 
PC,Y_GE15,T,ES53	6.4 	7.2 	10.2 	17.9 	20.1 	21.9 	23.2 	22.3 	20.0 	17.3 	13.9 	12.4 
PC,Y_GE15,T,ES61	12.6 	12.8 	17.7 	25.2 	27.8 	30.1 	34.4 	36.2 	34.8 	31.5 	28.9 	25.5 
PC,Y_GE15,T,ES62	7.9 	7.5 	12.4 	20.3 	22.9 	25.0 	27.6 	29.0 	26.6 	24.6 	19.8 	18.0 
PC,Y_GE15,T,ES63	21.5 	21.0 	17.4 	18.5 	23.9 	27.7 	37.0 	34.8 	31.9 	27.6 	24.9 	22.4 
PC,Y_GE15,T,ES64	13.6 u	18.2 	20.0 	23.5 	22.8 	22.4 	26.9 	32.5 	28.4 	34.0 	30.8 	27.6 
PC,Y_GE15,T,ES70	11.6 	10.5 	17.2 	26.0 	28.6 	29.3 	32.6 	33.7 	32.4 	29.1 	26.1 	23.5 
PC,Y_GE15,T,FI19	7.8 	6.5 	6.5 b	9.0 	9.0 	8.3 	8.2 	8.5 	8.7 	9.8 	9.4 	9.3 
PC,Y_GE15,T,FI1B	5.4 	5.0 	4.8 b	6.2 	6.4 	5.8 	6.3 	6.7 	7.3 	8.0 	7.4 	7.7 
PC,Y_GE15,T,FI1C	7.7 	6.7 	6.2 b	8.1 	9.1 	8.5 	7.5 	8.4 	9.4 	10.0 	9.1 	8.5 
PC,Y_GE15,T,FI1D	10.8 	9.9 	8.7 b	10.5 	10.1 	9.4 	9.5 	9.9 	10.0 	10.4 	10.2 	9.6 
PC,Y_GE15,T,FI20	: u	: u	: bu	: u	: u	: u	: u	: u	: u	: u	: u	: u
PC,Y_GE15,T,FR10	8.5 	7.8 	6.9 	8.1 	8.5 	8.2 	8.1 	9.0 	9.7 	9.6 	9.2 	8.7 
PC,Y_GE15,T,FRB0	6.9 	5.8 	5.5 	6.7 	7.0 	8.3 	10.8 	10.6 	9.5 	10.7 	9.9 	8.6 
PC,Y_GE15,T,FRC1	8.4 	6.7 	6.4 	7.9 	8.9 	8.8 	8.8 	10.6 	10.7 	8.7 	9.5 	10.6 
PC,Y_GE15,T,FRC2	7.6 	7.1 	6.9 	8.9 	8.2 	7.9 	9.0 	9.5 	9.9 	9.2 	8.2 	6.8 
PC,Y_GE15,T,FRD1	7.2 	5.6 	6.3 	6.9 	8.2 	9.2 	8.8 	9.1 	8.2 	8.2 	8.6 	8.3 
PC,Y_GE15,T,FRD2	8.8 	8.6 	8.4 	10.0 	9.7 	8.9 	10.9 	11.6 	11.9 	10.6 	11.5 	11.3 
PC,Y_GE15,T,FRE1	12.0 	11.3 	11.0 	13.1 	12.5 	12.3 	13.1 	14.7 	13.8 	14.0 	13.3 	12.9 
PC,Y_GE15,T,FRE2	10.2 	9.9 	7.2 	10.3 	11.4 	9.0 	10.6 	11.5 	11.6 	10.8 	11.6 	10.0 
PC,Y_GE15,T,FRF1	6.4 	5.9 	5.9 	8.2 	8.1 	7.4 	8.5 	9.7 	10.1 	9.3 	10.9 	9.0 
PC,Y_GE15,T,FRF2	6.8 	8.0 	7.5 	9.2 	9.2 	10.3 	10.7 	10.5 	11.4 	13.0 	11.3 	9.5 
PC,Y_GE15,T,FRF3	9.5 	7.5 	8.1 	11.2 	9.4 	10.1 	11.7 	12.1 	11.8 	12.2 	11.8 	11.0 
PC,Y_GE15,T,FRG0	6.9 	5.9 	6.1 	7.6 	8.5 	8.5 	8.4 	8.8 	8.6 	9.1 	8.8 	7.1 
PC,Y_GE15,T,FRH0	7.3 	6.7 	5.2 	5.6 	6.8 	7.1 	8.0 	8.0 	7.4 	7.8 	8.6 	7.3 
PC,Y_GE15,T,FRI1	7.5 	6.9 	7.1 	8.3 	8.1 	9.0 	9.4 	8.9 	9.1 	9.8 	10.1 	10.2 
PC,Y_GE15,T,FRI2	5.8 	6.7 	5.4 	6.2 	7.0 	7.5 	6.7 	6.9 	9.3 	8.9 	7.1 	6.2 
PC,Y_GE15,T,FRI3	7.7 	6.5 	7.0 	8.4 	7.7 	8.1 	8.3 	9.9 	10.9 	9.7 	9.0 	9.0 
PC,Y_GE15,T,FRJ1	10.9 	10.1 	9.4 	13.3 	13.7 	11.9 	15.0 	12.9 	12.3 	12.9 	12.0 	12.2 
PC,Y_GE15,T,FRJ2	7.9 	7.9 	6.1 	8.7 	7.8 	8.1 	8.3 	8.6 	9.1 	8.5 	8.6 	7.2 
PC,Y_GE15,T,FRK1	7.3 	8.3 	6.4 	7.4 	7.0 	8.4 	10.0 	8.9 	7.3 	8.6 	7.2 	8.3 
PC,Y_GE15,T,FRK2	7.3 	6.3 	6.3 	8.4 	8.1 	7.7 	8.0 	8.4 	8.8 	9.1 	8.0 	7.2 
PC,Y_GE15,T,FRL0	11.0 	9.0 	7.8 	9.2 	9.7 	9.7 	9.6 	10.9 	10.0 	11.0 	10.6 	10.2 
PC,Y_GE15,T,FRM0	10.7 u	11.1 u	7.9 u	: u	6.0 u	: u	7.9 u	12.3 u	9.8 u	8.5 u	8.6 u	7.8 u
PC,Y_GE15,T,FRY1	26.9 	22.6 	21.9 	23.4 	23.8 	22.6 	23.0 	26.2 	23.9 	23.7 	23.8 	22.4 
PC,Y_GE15,T,FRY2	24.1 	21.1 	22.3 	21.8 	21.0 	20.8 	21.0 	22.8 	19.4 	18.6 	17.6 	17.8 
PC,Y_GE15,T,FRY3	28.5 	20.1 	21.4 	20.2 	21.0 	21.0 	22.3 	21.3 	22.2 	21.9 	23.2 	22.4 
PC,Y_GE15,T,FRY4	28.3 	24.1 	24.4 	27.1 	28.9 	29.6 	28.6 	28.9 	26.4 	24.1 	22.4 	22.8 
PC,Y_GE15,T,FRY5	: 	: 	: 	: 	: 	: 	: 	: 	19.6 	23.7 	27.1 	25.9 
PC,Y_GE15,T,HR03	: 	9.2 	8.7 	9.6 	11.1 	13.3 	14.8 	15.0 	17.2 	16.8 	14.2 	10.9 
PC,Y_GE15,T,HR04	: 	10.3 	8.5 	9.0 	11.9 	13.9 	16.5 	18.3 	17.3 	15.9 	12.6 	11.4 
PC,Y_GE15,T,HU10	5.1 	4.8 	4.5 	6.5 	8.9 	9.0 	9.5 	: 	: 	: 	: 	: 
PC,Y_GE15,T,HU11	: 	: 	: 	: 	: 	: 	: 	8.5 	6.0 	5.1 	4.3 	2.9 
PC,Y_GE15,T,HU12	: 	: 	: 	: 	: 	: 	: 	9.1 	6.5 	5.7 	3.1 	2.6 
PC,Y_GE15,T,HU21	6.0 	4.9 	5.8 	9.2 	10.0 	9.5 	9.9 	8.7 	5.6 	4.4 	3.0 	2.2 
PC,Y_GE15,T,HU22	5.8 	5.1 	5.0 	8.7 	9.3 	7.3 	7.5 	7.7 	4.6 	3.8 	2.7 	2.4 
PC,Y_GE15,T,HU23	9.2 	9.9 	10.3 	11.2 	12.4 	12.9 	12.1 	9.3 	7.8 	8.1 	6.2 	6.3 
PC,Y_GE15,T,HU31	10.9 	12.6 	13.3 	15.3 	16.2 	16.4 	16.1 	12.6 	10.4 	8.7 	6.3 	5.8 
PC,Y_GE15,T,HU32	10.9 	10.7 	12.1 	14.1 	14.4 	14.6 	13.9 	14.2 	11.8 	10.9 	9.3 	7.4 
PC,Y_GE15,T,HU33	8.0 	8.0 	8.7 	10.6 	10.4 	10.5 	10.3 	11.0 	9.0 	7.9 	5.6 	4.1 
PC,Y_GE15,T,IE01	4.7 	4.9 b	7.4 	13.4 	14.6 	16.1 	: 	: 	: 	: 	: 	: 
PC,Y_GE15,T,IE02	4.3 	5.0 b	6.5 	12.3 	14.5 	15.1 	: 	: 	: 	: 	: 	: 
PC,Y_GE15,T,IE04	: 	: 	: 	: 	: 	: 	15.7 	13.1 	11.5 	10.0 	8.5 	6.2 b
PC,Y_GE15,T,IE05	: 	: 	: 	: 	: 	: 	16.6 	14.3 	12.6 	10.6 	8.6 	7.0 b
PC,Y_GE15,T,IE06	: 	: 	: 	: 	: 	: 	14.6 	13.6 	11.5 	9.4 	8.2 	6.7 b
PC,Y_GE15,T,IS00	2.8 	2.3 	2.9 	7.2 	7.6 	7.0 	6.0 	5.4 	4.9 	4.0 	3.0 	2.7 
PC,Y_GE15,T,ITC1	4.1 	4.2 	5.1 	6.8 	7.5 	7.6 	9.2 	10.5 	11.3 	10.2 	9.3 	9.1 
PC,Y_GE15,T,ITC2	2.9 u	3.2 u	3.3 u	4.5 	4.5 	5.3 	7.1 	8.3 	8.9 	8.9 	8.7 	7.8 
PC,Y_GE15,T,ITC3	4.8 	4.8 	5.4 	5.8 	6.6 	6.4 	8.1 	9.8 	10.8 	9.2 	9.7 	9.5 
PC,Y_GE15,T,ITC4	3.7 	3.4 	3.7 	5.3 	5.5 	5.7 	7.4 	8.0 	8.2 	7.9 	7.4 	6.4 
PC,Y_GE15,T,ITF1	6.6 	6.2 	6.6 	8.0 	8.7 	8.6 	10.8 	11.3 	12.6 	12.6 	12.1 	11.7 
PC,Y_GE15,T,ITF2	9.9 	8.1 	9.1 	9.0 	8.4 	9.9 	12.0 	15.6 	15.2 	14.3 	12.8 	14.6 
PC,Y_GE15,T,ITF3	12.8 	11.2 	12.5 	12.9 	13.9 	15.4 	19.2 	21.5 	21.7 	19.8 	20.4 	20.9 
PC,Y_GE15,T,ITF4	12.6 	11.1 	11.6 	12.6 	13.5 	13.2 	15.7 	19.7 	21.5 	19.7 	19.4 	18.8 
PC,Y_GE15,T,ITF5	10.6 	9.4 	11.0 	11.2 	12.9 	11.9 	14.5 	15.2 	14.7 	13.7 	13.3 	12.8 
PC,Y_GE15,T,ITF6	12.8 	11.1 	12.0 	11.3 	11.9 	12.7 	19.4 	22.3 	23.4 	22.9 	23.2 	21.6 
PC,Y_GE15,T,ITG1	13.4 	12.9 	13.7 	13.8 	14.6 	14.3 	18.4 	21.0 	22.2 	21.4 	22.1 	21.5 
PC,Y_GE15,T,ITG2	10.7 	9.8 	12.2 	13.2 	14.0 	13.5 	15.4 	17.5 	18.6 	17.4 	17.3 	17.0 
PC,Y_GE15,T,ITH1	2.6 	2.6 	2.3 	2.9 	2.7 	3.3 	4.1 	4.4 	4.4 	3.8 	3.7 	3.1 
PC,Y_GE15,T,ITH2	3.1 	2.9 	3.3 	3.5 	4.2 	4.4 	6.1 	6.5 	6.9 	6.8 	6.8 	5.7 
PC,Y_GE15,T,ITH3	4.1 	3.4 	3.4 	4.7 	5.7 	4.9 	6.4 	7.6 	7.5 	7.1 	6.8 	6.3 
PC,Y_GE15,T,ITH4	3.5 	3.4 	4.3 	5.2 	5.7 	5.2 	6.7 	7.7 	8.0 	8.0 	7.5 	6.7 
PC,Y_GE15,T,ITH5	3.4 	2.8 	3.2 	4.7 	5.6 	5.2 	7.0 	8.4 	8.3 	7.7 	6.9 	6.5 
PC,Y_GE15,T,ITI1	4.8 	4.4 	5.0 	5.8 	6.0 	6.3 	7.8 	8.7 	10.1 	9.2 	9.5 	8.6 
PC,Y_GE15,T,ITI2	5.1 	4.6 	4.8 	6.6 	6.6 	6.4 	9.5 	10.3 	11.3 	10.4 	9.6 	10.5 
PC,Y_GE15,T,ITI3	4.6 	4.1 	4.7 	6.6 	5.7 	6.8 	9.1 	10.9 	10.1 	9.9 	10.6 	10.6 
PC,Y_GE15,T,ITI4	7.5 	6.4 	7.5 	8.4 	9.2 	8.7 	10.6 	12.0 	12.5 	11.8 	11.1 	10.7 
PC,Y_GE15,T,LT00	5.8 	4.2 	5.8 	13.8 	17.8 	15.4 	13.4 	: 	: 	: 	: 	: 
PC,Y_GE15,T,LT01	: 	: 	: 	: 	: 	: 	: 	9.7 	8.5 	7.6 	5.6 	4.8 
PC,Y_GE15,T,LT02	: 	: 	: 	: 	: 	: 	: 	12.6 	11.6 	9.8 	8.8 	8.1 
PC,Y_GE15,T,LU00	4.7 	4.1 b	5.1 	5.1 b	4.4 	4.9 	5.1 	5.8 	5.9 	6.7 b	6.3 	5.5 
PC,Y_GE15,T,LV00	7.0 	6.1 	7.7 	17.5 	19.5 	16.2 	15.0 	11.9 	10.8 	9.9 	9.6 	8.7 
PC,Y_GE15,T,ME00	: 	: 	: 	: 	: 	19.7 	20.0 	19.5 	18.0 	17.5 	17.7 	16.1 
PC,Y_GE15,T,MK00	36.0 	34.9 	33.8 	32.2 	32.0 	31.4 	31.0 	29.0 	28.0 	26.1 	23.7 	22.4 
PC,Y_GE15,T,MT00	6.8 	6.5 	6.0 	6.9 	6.8 	6.4 	6.2 	6.1 	5.7 	5.4 	4.7 	4.0 
PC,Y_GE15,T,NL11	7.2 	7.5 	5.9 	6.8 	6.2 	6.8 	7.0 	8.2 	8.6 	9.1 	8.2 	7.2 
PC,Y_GE15,T,NL12	5.3 	3.7 	3.8 	4.4 	5.3 	5.1 	6.4 	8.3 	7.9 	7.9 	6.7 	5.5 
PC,Y_GE15,T,NL13	6.2 	4.9 	4.4 	4.7 	4.9 	5.3 	6.4 	7.1 	7.3 	7.5 	6.5 	5.0 
PC,Y_GE15,T,NL21	5.2 	4.1 	3.5 	4.0 	4.9 	4.9 	5.6 	7.2 	7.3 	6.9 	6.2 	5.1 
PC,Y_GE15,T,NL22	4.0 	3.4 	3.5 	3.8 	4.6 	4.7 	5.3 	6.6 	6.9 	6.3 	5.6 	4.5 
PC,Y_GE15,T,NL23	6.5 	4.8 	4.2 	4.5 	5.7 	5.4 	7.3 	9.9 	11.0 	7.9 	7.9 	5.7 
PC,Y_GE15,T,NL31	4.4 	3.7 	2.8 	3.9 	4.2 	4.2 	5.2 	6.4 	6.4 	6.4 	5.0 	4.2 
PC,Y_GE15,T,NL32	5.0 	3.9 	3.5 	4.1 	4.7 	5.0 	5.4 	7.2 	6.9 	6.2 	5.5 	4.5 
PC,Y_GE15,T,NL33	5.4 	4.5 	3.8 	4.8 	5.7 	5.6 	6.9 	7.9 	8.4 	7.8 	7.1 	5.5 
PC,Y_GE15,T,NL34	4.0 	2.7 	2.7 	2.5 	3.0 	3.2 	3.5 	5.0 	5.4 	5.3 	3.9 	2.9 
PC,Y_GE15,T,NL41	4.3 	3.5 	3.2 	4.0 	4.7 	4.6 	5.3 	6.7 	7.0 	6.5 	5.3 	4.2 
PC,Y_GE15,T,NL42	5.8 	5.4 	4.6 	5.6 	5.6 	4.8 	5.4 	7.4 	7.4 	6.3 	5.7 	4.7 
PC,Y_GE15,T,NO01	3.5 b	2.5 	2.9 	3.6 	4.0 	3.4 	3.2 	3.9 	3.8 	4.7 	4.6 	4.6 
PC,Y_GE15,T,NO02	3.1 b	2.2 	2.4 	2.5 	3.2 	2.9 	3.0 	2.9 	2.9 	4.5 	4.5 	2.8 
PC,Y_GE15,T,NO03	4.0 b	2.9 	2.7 	3.4 	3.7 	3.6 	3.5 	3.9 	4.1 	4.5 	5.1 	4.4 
PC,Y_GE15,T,NO04	2.9 b	1.9 	1.8 	2.2 	2.6 	2.2 	2.7 	3.2 	3.1 	4.6 	5.5 	5.2 
PC,Y_GE15,T,NO05	2.8 b	2.3 	2.1 	2.4 	3.4 	3.1 	2.9 	3.1 	3.0 	3.9 	4.8 	4.0 
PC,Y_GE15,T,NO06	3.6 b	3.1 	3.3 	3.7 	3.6 	3.5 	3.3 	2.6 	3.8 	3.7 	4.0 	2.9 
PC,Y_GE15,T,NO07	3.8 b	2.7 	2.9 	3.7 	3.8 	3.5 	3.3 	3.2 	3.3 	3.4 	3.2 	3.2 
PC,Y_GE15,T,PL21	12.6 	8.5 	6.2 	7.9 	9.1 b	9.3 	10.4 	10.9 	9.1 	7.1 	5.2 b	4.2 
PC,Y_GE15,T,PL22	14.2 	8.1 	6.6 	6.7 	9.2 b	9.2 	9.4 	9.7 	8.6 	7.2 	5.4 b	3.9 
PC,Y_GE15,T,PL41	12.7 	8.3 	6.1 	7.5 	8.8 b	8.6 	8.5 	8.8 	7.7 	5.8 	4.8 b	3.1 
PC,Y_GE15,T,PL42	17.2 	11.5 	9.5 	10.4 	12.4 b	11.8 	10.9 	10.1 	8.4 	7.5 	6.9 b	4.6 
PC,Y_GE15,T,PL43	14.0 	9.8 	6.5 	9.6 	10.6 b	9.4 	9.0 	9.7 	8.3 	6.4 	4.7 b	3.7 
PC,Y_GE15,T,PL51	17.3 	12.7 	9.1 	10.1 	11.3 b	10.6 	11.1 	11.3 	9.1 	7.0 	5.5 b	4.7 
PC,Y_GE15,T,PL52	13.5 	9.4 	6.5 	9.9 	9.6 b	9.3 	9.5 	9.4 	7.8 	6.5 	5.0 b	4.3 
PC,Y_GE15,T,PL61	16.2 	11.3 	9.1 	10.4 	10.6 b	11.0 	11.9 	12.4 	10.7 	7.9 	7.4 b	5.5 
PC,Y_GE15,T,PL62	16.0 	10.5 	7.4 	8.5 	9.7 b	9.6 	11.0 	11.4 	9.8 	9.5 	8.8 b	7.2 
PC,Y_GE15,T,PL63	13.8 	9.5 	5.5 	6.4 	9.3 b	8.5 	9.5 	10.0 	8.6 	6.6 	5.7 b	4.2 
PC,Y_GE15,T,PL71	13.4 	9.3 	6.7 	7.6 	9.3 b	9.3 	11.1 	11.1 	8.9 	7.7 	5.5 b	4.6 
PC,Y_GE15,T,PL72	15.5 	12.1 	8.8 	10.8 	12.0 b	12.9 	13.1 	13.0 	11.4 	10.1 	8.9 b	7.0 
PC,Y_GE15,T,PL81	12.8 	9.5 	8.8 	9.7 	9.8 b	10.3 	10.5 	10.3 	9.9 	9.3 	8.0 b	7.2 
PC,Y_GE15,T,PL82	13.7 	9.6 	8.2 	10.1 	11.6 b	12.4 	13.2 	14.4 	14.0 	11.6 	9.6 b	8.4 
PC,Y_GE15,T,PL84	11.3 	8.9 	6.4 	7.1 	10.2 b	9.3 	9.2 	9.9 	9.1 	7.0 	6.7 b	4.7 
PC,Y_GE15,T,PL91	: 	: 	: 	: 	: 	: 	: 	5.9 	5.8 	4.9 	3.6 b	3.5 
PC,Y_GE15,T,PL92	: 	: 	: 	: 	: 	: 	: 	10.5 	8.9 	8.3 	7.8 b	6.4 
PC,Y_GE15,T,PT11	8.8 	9.3 	8.6 	10.9 	12.6 	13.0 b	16.0 	17.1 	14.8 	13.7 	12.0 	9.8 
PC,Y_GE15,T,PT15	5.5 	6.7 	7.0 	10.4 	13.4 	15.4 b	17.6 	16.9 	14.5 	12.5 	9.2 	7.7 
PC,Y_GE15,T,PT16	5.4 	5.5 	5.3 	6.8 	7.6 	10.0 b	11.7 	11.4 	10.6 	9.2 	8.4 	6.9 
PC,Y_GE15,T,PT17	8.5 	8.9 	8.2 	9.8 	11.3 	14.1 b	17.6 	18.5 	14.9 	13.1 	11.9 	9.5 
PC,Y_GE15,T,PT18	9.1 	8.4 	8.9 	10.5 	11.4 	12.4 b	16.0 	16.9 	14.3 	13.3 	12.1 	8.4 
PC,Y_GE15,T,PT20	: u	4.3 	5.4 	6.7 	6.8 	11.3 b	15.1 	17.0 	16.3 	12.8 	11.1 	9.0 
PC,Y_GE15,T,PT30	5.3 	6.8 	5.9 	7.5 	7.4 	13.5 b	17.2 	18.1 	15.0 	14.7 	12.9 	10.4 
PC,Y_GE15,T,RO11	5.9 	4.3 	3.8 	5.6 	6.5 b	5.1 	4.6 	4.1 	3.8 	4.6 	4.3 	3.6 
PC,Y_GE15,T,RO12	9.0 	8.5 	8.5 	10.7 	10.3 b	10.8 	9.5 	9.5 	9.2 	7.4 	5.2 	4.2 
PC,Y_GE15,T,RO21	5.9 	5.0 	4.5 	6.0 	5.5 b	4.7 	4.2 	4.4 	4.2 	3.6 	3.0 	2.9 
PC,Y_GE15,T,RO22	9.0 	8.5 	7.2 	7.5 	8.2 b	9.6 	9.4 	9.5 	10.4 	9.0 	7.7 	6.5 
PC,Y_GE15,T,RO31	9.4 	8.2 	6.8 	8.0 	7.8 b	10.0 	9.5 	9.5 	9.0 	10.3 	8.9 	6.8 
PC,Y_GE15,T,RO32	4.8 	4.1 	3.4 	4.0 	4.7 b	5.6 	6.5 	8.0 	7.2 	5.3 	4.7 	4.3 
PC,Y_GE15,T,RO41	7.1 	6.8 	6.5 	6.8 	7.3 b	6.6 	6.1 	7.0 	6.5 	10.1 	9.9 	7.7 
PC,Y_GE15,T,RO42	6.4 	5.6 	5.7 	6.0 	6.0 b	5.7 	5.1 	5.2 	4.8 	5.4 	4.9 	4.4 
PC,Y_GE15,T,RS11	: 	: 	: 	: 	: 	: 	: 	17.8 	17.2 b	18.7 	15.7 	13.3 
PC,Y_GE15,T,RS12	: 	: 	: 	: 	: 	: 	: 	23.9 	19.9 b	16.6 	15.1 	12.2 
PC,Y_GE15,T,RS21	: 	: 	: 	: 	: 	: 	: 	22.3 	18.0 b	16.8 	14.7 	13.6 
PC,Y_GE15,T,RS22	: 	: 	: 	: 	: 	: 	: 	24.0 	22.1 b	18.8 	15.8 	15.2 
PC,Y_GE15,T,SE11	6.1 	5.6 	5.2 	6.8 	7.2 	6.6 	6.8 	6.9 	7.1 	7.0 	6.5 	6.3 
PC,Y_GE15,T,SE12	7.3 	6.7 	6.9 	9.3 	9.7 	8.4 	8.6 	8.8 	8.3 	7.9 	7.7 	7.6 
PC,Y_GE15,T,SE21	5.9 	5.1 	5.0 	8.1 	7.9 	7.1 	7.4 	7.1 	6.7 	6.0 	6.2 	5.5 
PC,Y_GE15,T,SE22	8.2 	7.1 	7.4 	8.7 	8.8 	9.2 	9.4 	9.9 	10.0 	9.5 	8.4 	8.4 
PC,Y_GE15,T,SE23	6.8 	5.9 	6.1 	8.6 	8.7 	7.4 	7.7 	8.0 	7.6 	6.6 	6.5 	6.0 
PC,Y_GE15,T,SE31	7.9 	6.3 	6.6 	9.4 	9.0 	8.8 	8.6 	8.8 	8.6 	7.9 	7.5 	6.9 
PC,Y_GE15,T,SE32	7.3 	6.3 	7.1 	8.9 	10.3 	8.8 	8.4 	7.2 	7.4 	7.1 	6.8 	6.2 
PC,Y_GE15,T,SE33	8.5 	6.8 	6.6 	8.9 	9.5 	8.0 	7.7 	7.2 	7.4 	7.2 	5.8 	5.9 
PC,Y_GE15,T,SI01	7.1 	5.6 	5.2 	6.8 	: 	: 	: 	: 	: 	: 	: 	: 
PC,Y_GE15,T,SI02	4.6 	3.9 	3.4 	4.8 	: 	: 	: 	: 	: 	: 	: 	: 
PC,Y_GE15,T,SI03	: 	: 	: 	: 	7.8 	9.2 	9.9 	11.3 	11.0 	10.3 	8.9 	6.8 
PC,Y_GE15,T,SI04	: 	: 	: 	: 	6.6 	7.0 	7.6 	8.7 	8.1 	7.5 	7.1 	6.3 
PC,Y_GE15,T,SK01	4.6 	4.3 	3.4 	4.6 	6.2 	5.8 b	5.7 	6.4 	6.0 	5.7 	5.1 	4.2 
PC,Y_GE15,T,SK02	9.8 	7.8 	6.4 	9.9 	12.7 	10.7 b	11.3 	11.7 	11.0 	9.7 	7.7 	5.5 
PC,Y_GE15,T,SK03	16.4 	15.3 	13.1 	14.6 	16.5 	15.9 b	16.2 	16.8 	15.9 	12.8 	10.8 	9.4 
PC,Y_GE15,T,SK04	19.1 	14.9 	13.2 	15.9 	18.5 	18.7 b	19.0 	18.5 	16.6 	15.0 	13.2 	12.0 
PC,Y_GE15,T,TR10	10.5 	9.4 	10.0 	15.9 	13.5 	11.1 	10.7 	10.6 	11.9 b	12.8 	13.5 	13.8 
PC,Y_GE15,T,TR21	6.8 	6.5 	9.9 	11.6 	8.4 	8.1 	6.2 	6.4 	7.6 b	7.3 	7.5 	8.3 
PC,Y_GE15,T,TR22	4.9 	4.6 	6.2 	7.1 	6.0 	4.3 	4.5 	5.6 	5.6 b	5.3 	6.7 	5.9 
PC,Y_GE15,T,TR31	10.3 	9.3 	10.9 	15.4 	14.1 	13.7 	13.3 	14.3 	13.8 b	14.9 	13.9 	14.0 
PC,Y_GE15,T,TR32	5.3 	8.2 	9.6 	12.8 	10.3 	7.5 	6.6 	6.0 	7.2 b	6.8 	6.7 	7.1 
PC,Y_GE15,T,TR33	6.2 	5.6 	7.0 	9.6 	6.8 	4.5 	4.1 	5.2 	3.9 b	4.1 	4.9 	6.1 
PC,Y_GE15,T,TR41	7.3 	7.4 	9.7 	12.6 	9.2 	6.7 	6.4 	6.0 	6.2 b	7.7 	9.0 	9.7 
PC,Y_GE15,T,TR42	10.3 	10.2 	9.7 	12.8 	11.1 	10.6 	8.9 	9.0 	9.9 b	10.1 	10.6 	10.8 
PC,Y_GE15,T,TR51	11.4 	10.5 	10.8 	12.2 	10.7 	8.5 	8.3 	9.0 	11.5 b	11.1 	11.3 	11.3 
PC,Y_GE15,T,TR52	9.2 	8.9 	9.1 	8.8 	7.1 	5.5 	5.0 	3.8 	5.5 b	6.5 	6.1 	5.9 
PC,Y_GE15,T,TR61	6.4 	6.2 	8.5 	10.1 	9.8 	8.7 	7.3 	7.2 	8.4 b	9.4 	11.4 	11.9 
PC,Y_GE15,T,TR62	14.3 	13.0 	14.4 	19.9 	14.9 	9.3 	9.1 	11.3 	10.7 b	9.8 	10.3 	10.6 
PC,Y_GE15,T,TR63	9.5 	9.7 	14.1 	14.8 	11.7 	10.5 	9.0 	10.8 	15.3 b	16.3 	14.4 	11.5 
PC,Y_GE15,T,TR71	9.2 	7.1 	8.1 	14.2 	9.0 	7.0 	6.2 	5.5 	7.6 b	9.9 	13.4 	11.3 
PC,Y_GE15,T,TR72	9.5 	9.9 	10.1 	11.2 	12.3 	9.8 	7.3 	8.4 	9.5 b	9.7 	8.3 	11.7 
PC,Y_GE15,T,TR81	4.8 	7.0 	5.9 	6.7 	10.2 	6.9 	6.5 	6.2 	6.0 b	6.9 	8.7 	7.2 
PC,Y_GE15,T,TR82	3.9 	3.2 	4.9 	8.4 	7.5 	5.3 	4.5 	5.6 	6.5 b	6.8 	5.7 	4.5 
PC,Y_GE15,T,TR83	5.7 	7.1 	6.3 	6.0 	6.0 	4.7 	4.9 	5.5 	6.2 b	6.6 	7.9 	6.7 
PC,Y_GE15,T,TR90	4.3 	4.9 	4.3 	4.2 	4.8 	5.3 	5.2 	6.0 	6.2 b	4.8 	4.5 	3.5 
PC,Y_GE15,T,TRA1	3.9 	4.3 	5.2 	6.3 	5.5 	5.6 	5.5 	6.1 	7.3 b	6.0 	4.9 	5.3 
PC,Y_GE15,T,TRA2	3.3 	4.4 	4.8 	7.5 	8.7 	9.1 	6.3 	5.6 	3.3 b	3.9 	4.8 	5.5 
PC,Y_GE15,T,TRB1	10.5 	10.6 	12.3 	14.8 	10.6 	7.8 	5.8 	5.7 	7.5 b	7.9 	8.8 	6.8 
PC,Y_GE15,T,TRB2	6.9 	11.4 	12.6 	14.6 	15.5 	11.0 	7.5 	9.2 	13.4 b	9.7 	9.1 	12.6 
PC,Y_GE15,T,TRC1	12.6 	16.9 	15.0 	14.3 	11.4 	13.2 	10.6 	6.2 	8.1 b	9.7 	13.9 	14.3 
PC,Y_GE15,T,TRC2	10.8 	12.9 	12.8 	16.7 	11.1 	6.8 	6.0 	16.0 	17.5 b	17.4 	17.2 	13.8 
PC,Y_GE15,T,TRC3	13.5 	18.0 	15.8 	13.8 	10.4 	10.3 	18.8 	19.4 	24.0 b	24.4 	28.1 	26.9 
PC,Y_GE15,T,UKC1	5.8 	6.0 b	7.8 b	8.3 	9.1 	11.8 	11.5 	10.9 	9.8 	8.5 	6.9 	5.2 
PC,Y_GE15,T,UKC2	6.9 	6.2 b	7.2 b	9.8 	9.6 	9.8 	9.0 	9.2 	8.3 	7.7 	7.1 	5.8 
PC,Y_GE15,T,UKD1	4.3 	3.3 bu	3.1 bu	6.4 	6.5 	7.0 	6.3 	5.1 	5.0 	4.2 	3.7 u	3.4 u
PC,Y_GE15,T,UKD3	5.4 	6.4 b	7.6 b	9.5 	8.7 	9.7 	10.1 	9.4 	7.9 	6.5 	6.1 	4.0 
PC,Y_GE15,T,UKD4	4.9 	5.6 b	5.4 b	7.2 	5.9 	6.8 	7.8 	7.2 	6.5 	4.5 	4.4 	4.2 
PC,Y_GE15,T,UKD6	3.3 	2.9 b	5.0 b	6.0 	6.1 	5.7 	5.9 	5.2 	3.4 	3.5 	3.2 	3.1 
PC,Y_GE15,T,UKD7	6.4 	7.6 b	8.5 b	9.6 	10.5 	10.0 	9.7 	8.9 	7.4 	5.8 	4.9 	5.2 
PC,Y_GE15,T,UKE1	6.0 	6.1 b	5.1 b	9.4 	9.4 	8.9 	9.7 	8.3 	8.0 	6.4 	5.5 	4.6 
PC,Y_GE15,T,UKE2	4.0 	3.4 b	2.8 b	5.4 	6.7 	6.5 	5.0 	4.4 	4.5 	3.1 	2.9 	4.1 
PC,Y_GE15,T,UKE3	7.0 	6.2 b	8.1 b	9.6 	9.4 	10.6 	10.4 	10.5 	8.8 	7.4 	7.1 	5.6 
PC,Y_GE15,T,UKE4	5.5 	5.6 b	6.4 b	8.6 	9.7 	9.7 	9.4 	9.3 	6.7 	6.6 	5.8 	4.8 
PC,Y_GE15,T,UKF1	5.5 	5.8 b	5.2 b	7.2 	8.8 	8.8 	8.3 	7.2 	6.1 	4.8 	4.5 	3.6 
PC,Y_GE15,T,UKF2	5.1 	4.6 b	6.0 b	7.3 	7.2 	7.5 	7.0 	7.8 	5.3 	4.4 	4.5 	4.6 
PC,Y_GE15,T,UKF3	4.7 	5.4 b	6.2 b	6.3 	4.9 	6.5 	8.5 	6.4 	4.6 	4.5 	4.3 	3.7 
PC,Y_GE15,T,UKG1	3.8 	3.9 b	4.3 b	6.4 	6.3 	6.1 	4.9 	5.1 	4.4 	3.2 	3.7 	2.9 
PC,Y_GE15,T,UKG2	4.2 	5.3 b	4.4 b	7.1 	7.7 	7.9 	6.7 	6.2 	5.3 	4.6 	4.2 	4.9 
PC,Y_GE15,T,UKG3	7.9 	8.1 b	9.3 b	13.0 	11.1 	11.3 	11.7 	13.0 	9.7 	7.9 	7.5 	7.1 
PC,Y_GE15,T,UKH1	4.7 	4.3 b	4.5 b	5.9 	6.6 	6.3 	6.4 	6.2 	5.0 	4.3 	3.8 	3.9 
PC,Y_GE15,T,UKH2	4.8 	4.7 b	4.7 b	5.9 	6.0 	6.7 	6.3 	5.6 	4.3 	3.8 	4.1 	3.7 
PC,Y_GE15,T,UKH3	4.6 	5.0 b	5.1 b	6.9 	7.0 	6.8 	7.4 	6.3 	6.2 	4.3 	3.8 	4.2 
PC,Y_GE15,T,UKI1	8.8 	8.2 b	8.0 b	9.5 	: 	: 	: 	: 	: 	: 	: 	: 
PC,Y_GE15,T,UKI2	7.1 	5.9 b	6.6 b	8.6 	: 	: 	: 	: 	: 	: 	: 	: 
PC,Y_GE15,T,UKI3	: 	: 	: 	: 	8.1 	7.7 	6.8 	6.8 	6.2 	5.4 	4.7 	5.6 
PC,Y_GE15,T,UKI4	: 	: 	: 	: 	10.9 	12.0 	10.7 	9.8 	7.8 	7.2 	7.2 	5.3 
PC,Y_GE15,T,UKI5	: 	: 	: 	: 	10.0 	11.1 	9.5 	9.5 	7.4 	7.5 	5.6 	5.7 
PC,Y_GE15,T,UKI6	: 	: 	: 	: 	7.1 	8.2 	7.3 	7.4 	5.9 	4.6 	4.2 	4.9 
PC,Y_GE15,T,UKI7	: 	: 	: 	: 	8.6 	8.5 	9.2 	8.4 	6.2 	5.5 	5.0 	4.9 
PC,Y_GE15,T,UKJ1	3.9 	4.0 b	4.1 b	5.4 	5.8 	5.2 	5.7 	5.2 	4.2 	3.5 	2.7 	2.9 
PC,Y_GE15,T,UKJ2	4.0 	4.0 b	4.4 b	5.6 	5.1 	5.3 	5.9 	5.5 	4.6 	3.7 	3.5 	3.2 
PC,Y_GE15,T,UKJ3	4.6 	4.3 b	3.5 b	5.2 	6.3 	6.0 	6.3 	5.7 	4.2 	4.1 	3.7 	3.1 
PC,Y_GE15,T,UKJ4	5.5 	5.6 b	5.3 b	7.3 	7.7 	8.2 	8.0 	7.6 	5.7 	5.3 	4.5 	3.7 
PC,Y_GE15,T,UKK1	3.3 	3.4 b	3.7 b	5.7 	5.4 	6.5 	6.1 	6.2 	4.8 	3.9 	3.6 	3.9 
PC,Y_GE15,T,UKK2	3.7 	3.7 b	4.1 b	6.5 	5.4 	6.0 	5.1 	5.4 	4.5 	3.9 	4.3 	2.8 
PC,Y_GE15,T,UKK3	3.9 u	4.4 b	5.7 b	5.1 	8.1 	6.2 	5.5 	5.6 	3.8 	4.5 	3.7 	2.4 u
PC,Y_GE15,T,UKK4	4.4 	4.7 b	3.8 b	7.1 	6.5 	6.5 	5.8 	7.0 	5.0 	3.7 	3.5 	4.0 
PC,Y_GE15,T,UKL1	5.4 	5.5 b	6.1 b	8.9 	9.2 	9.9 	9.2 	7.8 	6.9 	6.5 	4.9 	4.6 
PC,Y_GE15,T,UKL2	4.9 	4.8 b	5.6 b	6.7 	7.8 	6.5 	7.6 	7.4 	6.1 	4.8 	3.6 	4.3 
PC,Y_GE15,T,UKM2	5.3 	5.1 b	4.8 b	7.6 	7.8 	7.4 	7.6 	: 	: 	: 	: 	: 
PC,Y_GE15,T,UKM3	6.0 	5.2 b	5.4 b	7.5 	10.1 	9.6 	9.2 	: 	: 	: 	: 	: 
PC,Y_GE15,T,UKM5	2.6 u	3.3 bu	3.0 bu	3.6 u	3.6 u	4.6 	4.7 	4.7 	4.0 	3.2 u	5.1 	4.2 
PC,Y_GE15,T,UKM6	3.2 u	2.2 bu	2.0 bu	4.3 	7.0 	6.9 	8.1 	4.4 	3.9 u	2.8 u	3.5 u	2.5 u
PC,Y_GE15,T,UKM7	: 	: 	: 	: 	: 	: 	: 	7.5 	5.8 	6.0 	4.8 	3.7 
PC,Y_GE15,T,UKM8	: 	: 	: 	: 	: 	: 	: 	8.1 	7.8 	7.0 	5.2 	4.7 
PC,Y_GE15,T,UKM9	: 	: 	: 	: 	: 	: 	: 	7.8 	5.3 	6.0 	6.2 	4.7 
PC,Y_GE15,T,UKN0	4.3 	3.8 b	4.4 b	6.4 	7.1 	7.2 	7.4 	7.5 	6.4 	6.1 	5.7 	4.6 
